txop_num,duration,termination_time,From,To,Ended Properly
1,45,863494665,6c:b1:33:9c:06:2b,1c:28:af:1f:0d:94,yes
2,45,863514742,a6:70:72:f8:56:5e,1c:28:af:1f:0d:94,yes
3,45,863531802,a6:70:72:f8:56:5e,1c:28:af:1f:0d:94,yes
4,45,863542972,6c:b1:33:9c:06:2b,1c:28:af:1f:0d:94,yes
5,3114,863546239,6c:b1:33:9c:06:2b,1c:28:af:1f:0d:94,no
6,2289,863548572,6c:b1:33:9c:06:2b,1c:28:af:1f:0d:94,no
7,211036,863759652,98:bd:80:4d:67:be,1c:28:af:1f:0d:94,no
8,128,863759824,98:bd:80:4d:67:be,1c:28:af:1f:0d:94,yes
9,60,863817116,dc:45:46:79:db:af,1c:28:af:1f:0d:94,yes
10,396,863819182,1c:28:af:1f:0d:94,dc:45:46:79:db:af,no
11,1159,863820389,dc:45:46:79:db:af,1c:28:af:1f:0d:94,no
12,129,863820562,dc:45:46:79:db:af,1c:28:af:1f:0d:94,yes
13,451,863860864,6c:b1:33:9c:06:2b,1c:28:af:1f:0d:94,no
14,45,863860909,6c:b1:33:9c:06:2b,1c:28:af:1f:0d:94,yes
15,128,863861704,dc:45:46:79:db:af,1c:28:af:1f:0d:94,yes
16,60,863961989,dc:45:46:79:db:af,1c:28:af:1f:0d:94,yes
17,128,863987806,98:bd:80:4d:67:be,1c:28:af:1f:0d:94,yes
18,44,864124585,6c:b1:33:9c:06:2b,1c:28:af:1f:0d:94,yes
19,45,864128904,a6:70:72:f8:56:5e,1c:28:af:1f:0d:94,yes
20,44,864145659,a6:70:72:f8:56:5e,1c:28:af:1f:0d:94,yes
21,8003,864231100,6c:b1:33:9c:06:2b,1c:28:af:1f:0d:94,no
22,534,864231679,6c:b1:33:9c:06:2b,1c:28:af:1f:0d:94,no
23,176669,864408393,6c:b1:33:9c:06:2b,1c:28:af:1f:0d:94,no
24,27821,864436258,a6:70:72:f8:56:5e,1c:28:af:1f:0d:94,no
25,44,864436302,a6:70:72:f8:56:5e,1c:28:af:1f:0d:94,yes
26,61,864442189,7e:68:2e:06:78:f5,1c:28:af:1f:0d:91,yes
27,45,864453275,a6:70:72:f8:56:5e,1c:28:af:1f:0d:94,yes
28,61,864493339,7e:68:2e:06:78:f5,1c:28:af:1f:0d:91,yes
29,61,864611140,dc:45:46:79:db:af,1c:28:af:1f:0d:94,yes
30,1194,864612533,1d:28:af:1f:0d:94,dc:45:46:79:db:af,no
31,396,864612989,1c:28:af:1f:0d:94,dc:45:46:79:db:af,no
32,1249,864614286,6c:b1:33:9c:06:2b,1c:28:af:1f:0d:94,no
33,44,864614330,6c:b1:33:9c:06:2b,1c:28:af:1f:0d:94,yes
34,128,864615104,dc:45:46:79:db:af,1c:28:af:1f:0d:94,yes
35,950,864655616,dc:45:46:79:db:af,1c:28:af:1f:0d:94,no
36,305,864655982,dc:45:46:79:db:af,1c:28:af:1f:0d:94,no
37,128,864656171,dc:45:46:79:db:af,1c:28:af:1f:0d:94,yes
38,60,864756461,dc:45:46:79:db:af,1c:28:af:1f:0d:94,yes
39,44,864803096,6c:b1:33:9c:06:2b,1c:28:af:1f:0d:94,yes
40,72375,864875669,1c:28:af:1f:0d:94,6c:b1:33:9c:06:2b,no
41,172952,865050390,a6:70:72:f8:56:5e,1c:28:af:1f:0d:94,no
42,44,865050434,a6:70:72:f8:56:5e,1c:28:af:1f:0d:94,yes
43,45,865067743,a6:70:72:f8:56:5e,1c:28:af:1f:0d:94,yes
44,45,865083109,6c:b1:33:9c:06:2b,1c:28:af:1f:0d:94,yes
45,60,865112401,dc:45:46:79:db:af,1c:28:af:1f:0d:94,yes
46,129,865112768,dc:45:46:79:db:af,1c:28:af:1f:0d:94,yes
47,128,865184964,98:bd:80:4d:67:be,1c:28:af:1f:0d:94,yes
48,396,865195055,1c:28:af:1f:0d:94,dc:45:46:79:db:af,no
49,34446,865229549,98:bd:80:4d:67:be,1c:28:af:1f:0d:94,no
50,129,865229722,98:bd:80:4d:67:be,1c:28:af:1f:0d:94,yes
51,129,865247713,dc:45:46:79:db:af,1c:28:af:1f:0d:94,yes
52,129,865271631,98:bd:80:4d:67:be,1c:28:af:1f:0d:94,yes
53,128,865313693,98:bd:80:4d:67:be,1c:28:af:1f:0d:94,yes
54,136,865314347,98:bd:80:4d:67:be,1c:28:af:1f:0d:94,yes
55,60,865347998,dc:45:46:79:db:af,1c:28:af:1f:0d:94,yes
56,44,865353554,6c:b1:33:9c:06:2b,1c:28:af:1f:0d:94,yes
57,2105,865358329,98:bd:80:4d:67:be,1c:28:af:1f:0d:94,no
58,8152,865366525,7e:68:2e:06:78:f5,1c:28:af:1f:0d:91,no
59,60,865366585,7e:68:2e:06:78:f5,1c:28:af:1f:0d:91,yes
60,128,865404649,98:bd:80:4d:67:be,1c:28:af:1f:0d:94,yes
61,128,865405029,98:bd:80:4d:67:be,1c:28:af:1f:0d:94,yes
62,278,865408312,98:bd:80:4d:67:be,1c:28:af:1f:0d:94,no
63,3217,865411573,1c:28:af:1f:0d:91,7e:68:2e:06:78:f5,no
64,23119,865452096,98:bd:80:4d:67:be,1c:28:af:1f:0d:94,no
65,128,865452268,98:bd:80:4d:67:be,1c:28:af:1f:0d:94,yes
66,61,865469642,7e:68:2e:06:78:f5,1c:28:af:1f:0d:91,yes
67,60,865516913,7e:68:2e:06:78:f5,1c:28:af:1f:0d:91,yes
68,128,865535051,98:bd:80:4d:67:be,1c:28:af:1f:0d:94,yes
69,61,865543001,7e:68:2e:06:78:f5,1c:28:af:1f:0d:91,yes
70,2242,865562626,6c:b1:33:9c:06:2b,1c:28:af:1f:0d:94,no
71,103869,865666539,98:bd:80:4d:67:be,1c:28:af:1f:0d:94,no
72,128,865666711,98:bd:80:4d:67:be,1c:28:af:1f:0d:94,yes
73,137,865698484,98:bd:80:4d:67:be,1c:28:af:1f:0d:94,yes
74,61,865713687,dc:45:46:79:db:af,1c:28:af:1f:0d:94,yes
75,129,865714054,dc:45:46:79:db:af,1c:28:af:1f:0d:94,yes
76,442,865721346,dc:45:46:79:db:af,1c:28:af:1f:0d:94,no
77,128,865721534,dc:45:46:79:db:af,1c:28:af:1f:0d:94,yes
78,396,865744466,1c:28:af:1f:0d:94,dc:45:46:79:db:af,no
79,22581,865767095,6c:b1:33:9c:06:2b,1c:28:af:1f:0d:94,no
80,22698,865789838,1c:28:af:1f:0d:94,dc:45:46:79:db:af,no
81,20525,865810411,6c:b1:33:9c:06:2b,1c:28:af:1f:0d:94,no
82,3575,865814030,98:bd:80:4d:67:be,1c:28:af:1f:0d:94,no
83,128,865814202,98:bd:80:4d:67:be,1c:28:af:1f:0d:94,yes
84,50868,865867847,6c:b1:33:9c:06:2b,1c:28:af:1f:0d:94,no
85,190,865869901,1c:28:af:1f:0d:94,dc:45:46:79:db:af,yes
86,19103,865889004,1c:28:af:1f:0d:92,Unkown,no
87,241,865913034,dc:45:46:79:db:af,1c:28:af:1f:0d:94,yes
88,128,865913162,,1c:28:af:1f:0d:94,yes
89,242,865914712,6c:b1:33:9c:06:2b,1c:28:af:1f:0d:94,yes
90,78313,865993025,6c:b1:33:9c:06:2b,1c:28:af:1f:0d:94,no
91,20317,866013387,dc:45:46:79:db:af,1c:28:af:1f:0d:94,no
92,60,866013447,dc:45:46:79:db:af,1c:28:af:1f:0d:94,yes
93,60,866089813,7e:68:2e:06:78:f5,1c:28:af:1f:0d:91,yes
94,17419,866113009,6c:b1:33:9c:06:2b,1c:28:af:1f:0d:94,no
95,14573,866127627,1c:28:af:1f:0d:91,7e:68:2e:06:78:f5,no
96,3457,866136495,1c:28:af:1f:0d:91,7e:68:2e:06:78:f5,no
97,61,866172584,dc:45:46:79:db:af,1c:28:af:1f:0d:94,yes
98,396,866174342,1c:28:af:1f:0d:94,dc:45:46:79:db:af,no
99,681,866175071,dc:45:46:79:db:af,1c:28:af:1f:0d:94,no
100,128,866175259,dc:45:46:79:db:af,1c:28:af:1f:0d:94,yes
101,5314,866188617,7e:68:2e:06:78:f5,1c:28:af:1f:0d:91,no
102,61,866188678,7e:68:2e:06:78:f5,1c:28:af:1f:0d:91,yes
103,61,866235934,7e:68:2e:06:78:f5,1c:28:af:1f:0d:91,yes
104,61,866262117,7e:68:2e:06:78:f5,1c:28:af:1f:0d:91,yes
105,60,866275542,dc:45:46:79:db:af,1c:28:af:1f:0d:94,yes
106,1030,866312198,6c:b1:33:9c:06:2b,1c:28:af:1f:0d:94,no
107,115470,866427713,dc:45:46:79:db:af,1c:28:af:1f:0d:94,no
108,60,866427773,dc:45:46:79:db:af,1c:28:af:1f:0d:94,yes
109,216,866428227,dc:45:46:79:db:af,1c:28:af:1f:0d:94,no
110,128,866428416,dc:45:46:79:db:af,1c:28:af:1f:0d:94,yes
111,396,866431832,1c:28:af:1f:0d:94,dc:45:46:79:db:af,no
112,3188,866435068,dc:45:46:79:db:af,1c:28:af:1f:0d:94,no
113,128,866435257,dc:45:46:79:db:af,1c:28:af:1f:0d:94,yes
114,129,866487851,dc:45:46:79:db:af,1c:28:af:1f:0d:94,yes
115,921,866516031,dc:45:46:79:db:af,1c:28:af:1f:0d:94,no
116,128,866516219,dc:45:46:79:db:af,1c:28:af:1f:0d:94,yes
117,340,866523582,dc:45:46:79:db:af,1c:28:af:1f:0d:94,no
118,136,866523779,dc:45:46:79:db:af,1c:28:af:1f:0d:94,yes
119,9266,866546670,ec:4c:8c:39:47:f2,1c:28:af:1f:0d:94,no
120,128,866546842,ec:4c:8c:39:47:f2,1c:28:af:1f:0d:94,yes
121,1066,866606870,dc:45:46:79:db:af,1c:28:af:1f:0d:94,no
122,23124,866630055,dc:45:46:79:db:af,1c:28:af:1f:0d:94,no
123,128,866630244,dc:45:46:79:db:af,1c:28:af:1f:0d:94,yes
124,128,866630621,dc:45:46:79:db:af,1c:28:af:1f:0d:94,yes
125,53519,866684325,1c:28:af:1f:0d:91,ff:ff:ff:ff:ff:ff,no
126,396,866710510,1c:28:af:1f:0d:94,dc:45:46:79:db:af,no
127,941,866711499,dc:45:46:79:db:af,1c:28:af:1f:0d:94,no
128,306,866711849,dc:45:46:79:db:af,1c:28:af:1f:0d:94,no
129,129,866712022,dc:45:46:79:db:af,1c:28:af:1f:0d:94,yes
130,128,866712773,dc:45:46:79:db:af,1c:28:af:1f:0d:94,yes
131,45,866743412,6c:b1:33:9c:06:2b,1c:28:af:1f:0d:94,yes
132,60,866813058,dc:45:46:79:db:af,1c:28:af:1f:0d:94,yes
133,61,866889120,dc:45:46:79:db:af,1c:28:af:1f:0d:94,yes
134,48726,866939089,dc:45:46:79:db:af,1c:28:af:1f:0d:94,no
135,129,866939262,dc:45:46:79:db:af,1c:28:af:1f:0d:94,yes
136,129,866950544,ec:4c:8c:39:47:f2,1c:28:af:1f:0d:94,yes
137,45,866991781,6c:b1:33:9c:06:2b,1c:28:af:1f:0d:94,yes
138,1099,866996982,ec:4c:8c:39:47:f2,1c:28:af:1f:0d:94,no
139,129,866997155,ec:4c:8c:39:47:f2,1c:28:af:1f:0d:94,yes
140,129,867012839,ec:4c:8c:39:47:f2,1c:28:af:1f:0d:94,yes
141,60,867039547,dc:45:46:79:db:af,1c:28:af:1f:0d:94,yes
142,60,867066999,dc:45:46:79:db:af,1c:28:af:1f:0d:94,yes
143,128,867067326,dc:45:46:79:db:af,1c:28:af:1f:0d:94,yes
144,397,867070902,1c:28:af:1f:0d:94,dc:45:46:79:db:af,no
145,5782,867076731,ec:4c:8c:39:47:f2,1c:28:af:1f:0d:94,no
146,128,867076903,ec:4c:8c:39:47:f2,1c:28:af:1f:0d:94,yes
147,45,867098491,a6:70:72:f8:56:5e,1c:28:af:1f:0d:94,yes
148,4212,867107841,ec:4c:8c:39:47:f2,1c:28:af:1f:0d:94,no
149,128,867108013,ec:4c:8c:39:47:f2,1c:28:af:1f:0d:94,yes
150,129,867112197,dc:45:46:79:db:af,1c:28:af:1f:0d:94,yes
151,44,867115277,a6:70:72:f8:56:5e,1c:28:af:1f:0d:94,yes
152,887,867139528,dc:45:46:79:db:af,1c:28:af:1f:0d:94,no
153,7839,867147412,1c:28:af:1f:0d:94,ec:4c:8c:39:47:f2,no
154,60,867240009,dc:45:46:79:db:af,1c:28:af:1f:0d:94,yes
155,45,867309175,6c:b1:33:9c:06:2b,1c:28:af:1f:0d:94,yes
156,60,867482577,dc:45:46:79:db:af,1c:28:af:1f:0d:94,yes
157,128,867482904,dc:45:46:79:db:af,1c:28:af:1f:0d:94,yes
158,129,867518458,dc:45:46:79:db:af,1c:28:af:1f:0d:94,yes
159,396,867524301,1c:28:af:1f:0d:94,dc:45:46:79:db:af,no
160,1205,867525554,dc:45:46:79:db:af,1c:28:af:1f:0d:94,no
161,128,867525726,dc:45:46:79:db:af,1c:28:af:1f:0d:94,yes
162,128,867527068,dc:45:46:79:db:af,1c:28:af:1f:0d:94,yes
163,1525,867568678,1c:28:af:1f:0d:94,dc:45:46:79:db:af,no
164,1008,867569735,dc:45:46:79:db:af,1c:28:af:1f:0d:94,no
165,128,867569907,dc:45:46:79:db:af,1c:28:af:1f:0d:94,yes
166,140,867579492,dc:45:46:79:db:af,1c:28:af:1f:0d:94,yes
167,3055,867623031,1c:28:af:1f:0d:94,dc:45:46:79:db:af,no
168,1031,867624110,dc:45:46:79:db:af,1c:28:af:1f:0d:94,no
169,129,867624299,dc:45:46:79:db:af,1c:28:af:1f:0d:94,yes
170,288,867640470,dc:45:46:79:db:af,1c:28:af:1f:0d:94,no
171,128,867640658,dc:45:46:79:db:af,1c:28:af:1f:0d:94,yes
172,288,867642334,dc:45:46:79:db:af,1c:28:af:1f:0d:94,no
173,128,867642522,dc:45:46:79:db:af,1c:28:af:1f:0d:94,yes
174,29253,867680247,1c:28:af:1f:0d:94,dc:45:46:79:db:af,no
175,1571,867681866,1c:28:af:1f:0d:94,dc:45:46:79:db:af,no
176,3983,867685897,1c:28:af:1f:0d:94,dc:45:46:79:db:af,no
177,893,867686838,dc:45:46:79:db:af,1c:28:af:1f:0d:94,no
178,128,867687026,dc:45:46:79:db:af,1c:28:af:1f:0d:94,yes
179,800,867691535,dc:45:46:79:db:af,1c:28:af:1f:0d:94,no
180,128,867691724,dc:45:46:79:db:af,1c:28:af:1f:0d:94,yes
181,486,867692642,dc:45:46:79:db:af,1c:28:af:1f:0d:94,no
182,3042,867695744,1c:28:af:1f:0d:94,dc:45:46:79:db:af,no
183,37002,867732794,1d:28:af:1f:0d:94,dc:45:46:79:db:af,no
184,396,867733250,1c:28:af:1f:0d:94,dc:45:46:79:db:af,no
185,100274,867833572,dc:45:46:79:db:af,1c:28:af:1f:0d:94,no
186,61,867833633,dc:45:46:79:db:af,1c:28:af:1f:0d:94,yes
187,45,867915214,6c:b1:33:9c:06:2b,1c:28:af:1f:0d:94,yes
188,82248,867997625,1c:28:af:1f:0d:94,6c:b1:33:9c:06:2b,no
189,16065,868015452,6c:b1:33:9c:06:2b,1c:28:af:1f:0d:94,no
190,78222,868093718,6c:b1:33:9c:06:2b,1c:28:af:1f:0d:94,no
191,24345,868118107,dc:45:46:79:db:af,1c:28:af:1f:0d:94,no
192,60,868118167,dc:45:46:79:db:af,1c:28:af:1f:0d:94,yes
193,396,868119583,1c:28:af:1f:0d:94,dc:45:46:79:db:af,no
194,2687,868122318,dc:45:46:79:db:af,1c:28:af:1f:0d:94,no
195,387,868122765,dc:45:46:79:db:af,1c:28:af:1f:0d:94,no
196,128,868122954,dc:45:46:79:db:af,1c:28:af:1f:0d:94,yes
197,3436,868126669,1c:28:af:1f:0d:94,dc:45:46:79:db:af,no
198,835,868127552,dc:45:46:79:db:af,1c:28:af:1f:0d:94,no
199,128,868127741,dc:45:46:79:db:af,1c:28:af:1f:0d:94,yes
200,2449,868140652,6c:b1:33:9c:06:2b,1c:28:af:1f:0d:94,no
201,21560,868162257,1c:28:af:1f:0d:94,dc:45:46:79:db:af,no
202,866,868163171,dc:45:46:79:db:af,1c:28:af:1f:0d:94,no
203,260,868163491,dc:45:46:79:db:af,1c:28:af:1f:0d:94,no
204,128,868163680,dc:45:46:79:db:af,1c:28:af:1f:0d:94,yes
205,129,868164035,dc:45:46:79:db:af,1c:28:af:1f:0d:94,yes
206,1040,868166599,dc:45:46:79:db:af,1c:28:af:1f:0d:94,no
207,129,868166772,dc:45:46:79:db:af,1c:28:af:1f:0d:94,yes
208,774,868168330,dc:45:46:79:db:af,1c:28:af:1f:0d:94,no
209,128,868168502,dc:45:46:79:db:af,1c:28:af:1f:0d:94,yes
210,1018,868170197,dc:45:46:79:db:af,1c:28:af:1f:0d:94,no
211,128,868170369,dc:45:46:79:db:af,1c:28:af:1f:0d:94,yes
212,10532,868184368,6c:b1:33:9c:06:2b,1c:28:af:1f:0d:94,no
213,2485,868186898,6c:b1:33:9c:06:2b,1c:28:af:1f:0d:94,no
214,15692,868202635,1c:28:af:1f:0d:94,dc:45:46:79:db:af,no
215,745,868203427,dc:45:46:79:db:af,1c:28:af:1f:0d:94,no
216,128,868203599,dc:45:46:79:db:af,1c:28:af:1f:0d:94,yes
217,128,868212884,dc:45:46:79:db:af,1c:28:af:1f:0d:94,yes
218,129,868228110,dc:45:46:79:db:af,1c:28:af:1f:0d:94,yes
219,129,868236931,dc:45:46:79:db:af,1c:28:af:1f:0d:94,yes
220,24575,868276888,1c:28:af:1f:0d:94,dc:45:46:79:db:af,no
221,1115,868278051,dc:45:46:79:db:af,1c:28:af:1f:0d:94,no
222,128,868278224,dc:45:46:79:db:af,1c:28:af:1f:0d:94,yes
223,136,868279648,dc:45:46:79:db:af,1c:28:af:1f:0d:94,yes
224,8652,868322718,1d:28:af:1f:0d:94,dc:45:46:79:db:af,no
225,397,868323175,1c:28:af:1f:0d:94,dc:45:46:79:db:af,no
226,17931,868341154,1c:28:af:1f:0d:94,dc:45:46:79:db:af,no
227,2690,868343892,dc:45:46:79:db:af,1c:28:af:1f:0d:94,no
228,24460,868368396,dc:45:46:79:db:af,1c:28:af:1f:0d:94,no
229,128,868368568,dc:45:46:79:db:af,1c:28:af:1f:0d:94,yes
230,12547,868397730,1c:28:af:1f:0d:94,dc:45:46:79:db:af,no
231,1213,868398991,dc:45:46:79:db:af,1c:28:af:1f:0d:94,no
232,128,868399164,dc:45:46:79:db:af,1c:28:af:1f:0d:94,yes
233,7619,868413804,dc:45:46:79:db:af,1c:28:af:1f:0d:94,no
234,128,868413976,dc:45:46:79:db:af,1c:28:af:1f:0d:94,yes
235,3313,868418761,1c:28:af:1f:0d:94,dc:45:46:79:db:af,no
236,6321,868425130,dc:45:46:79:db:af,1c:28:af:1f:0d:94,no
237,1699,868426873,b6:79:a8:79:a3:f6,1c:28:af:1f:0d:94,no
238,45,868426918,b6:79:a8:79:a3:f6,1c:28:af:1f:0d:94,yes
239,6962,868437257,ec:4c:8c:39:47:f2,1c:28:af:1f:0d:94,no
240,128,868437429,ec:4c:8c:39:47:f2,1c:28:af:1f:0d:94,yes
241,13527,868478540,b6:79:a8:79:a3:f6,1c:28:af:1f:0d:94,no
242,45,868478585,b6:79:a8:79:a3:f6,1c:28:af:1f:0d:94,yes
243,1501,868487875,dc:45:46:79:db:af,1c:28:af:1f:0d:94,no
244,128,868488047,dc:45:46:79:db:af,1c:28:af:1f:0d:94,yes
245,396,868528398,1c:28:af:1f:0d:94,dc:45:46:79:db:af,no
246,1254,868529700,dc:45:46:79:db:af,1c:28:af:1f:0d:94,no
247,129,868529873,dc:45:46:79:db:af,1c:28:af:1f:0d:94,yes
248,732,868548428,dc:45:46:79:db:af,1c:28:af:1f:0d:94,no
249,128,868548617,dc:45:46:79:db:af,1c:28:af:1f:0d:94,yes
250,331,868549117,dc:45:46:79:db:af,1c:28:af:1f:0d:94,no
251,128,868549306,dc:45:46:79:db:af,1c:28:af:1f:0d:94,yes
252,128,868553766,dc:45:46:79:db:af,1c:28:af:1f:0d:94,yes
253,2092,868571304,6c:b1:33:9c:06:2b,1c:28:af:1f:0d:94,no
254,3515,868574863,1c:28:af:1f:0d:94,dc:45:46:79:db:af,no
255,13872,868588783,1c:28:af:1f:0d:94,dc:45:46:79:db:af,no
256,822,868589653,dc:45:46:79:db:af,1c:28:af:1f:0d:94,no
257,128,868589842,dc:45:46:79:db:af,1c:28:af:1f:0d:94,yes
258,128,868590668,dc:45:46:79:db:af,1c:28:af:1f:0d:94,yes
259,810,868594962,dc:45:46:79:db:af,1c:28:af:1f:0d:94,no
260,128,868595151,dc:45:46:79:db:af,1c:28:af:1f:0d:94,yes
261,137,868596317,dc:45:46:79:db:af,1c:28:af:1f:0d:94,yes
262,16800,868630605,1c:28:af:1f:0d:94,dc:45:46:79:db:af,no
263,261,868630914,dc:45:46:79:db:af,1c:28:af:1f:0d:94,no
264,129,868631103,dc:45:46:79:db:af,1c:28:af:1f:0d:94,yes
265,800,868636891,dc:45:46:79:db:af,1c:28:af:1f:0d:94,no
266,128,868637079,dc:45:46:79:db:af,1c:28:af:1f:0d:94,yes
267,61,868637416,7e:68:2e:06:78:f5,1c:28:af:1f:0d:91,yes
268,2252,868641176,6c:b1:33:9c:06:2b,1c:28:af:1f:0d:94,no
269,1761,868642981,dc:45:46:79:db:af,1c:28:af:1f:0d:94,no
270,266,868643307,7f:68:2e:06:78:f5,1c:28:af:1f:0d:91,no
271,2055,868645423,6c:b1:33:9c:06:2b,1c:28:af:1f:0d:94,no
272,551,868646018,dc:45:46:79:db:af,1c:28:af:1f:0d:94,no
273,140,868646218,dc:45:46:79:db:af,1c:28:af:1f:0d:94,yes
274,10392,868656944,7f:68:2e:06:78:f5,1c:28:af:1f:0d:91,no
275,3519,868660524,1c:28:af:1f:0d:91,7e:68:2e:06:78:f5,no
276,2002,868685378,1c:28:af:1f:0d:94,dc:45:46:79:db:af,no
277,941,868686367,1c:28:af:1f:0d:94,dc:45:46:79:db:af,no
278,2231,868688646,dc:45:46:79:db:af,1c:28:af:1f:0d:94,no
279,141,868688847,dc:45:46:79:db:af,1c:28:af:1f:0d:94,yes
280,676,868689803,dc:45:46:79:db:af,1c:28:af:1f:0d:94,no
281,128,868689992,dc:45:46:79:db:af,1c:28:af:1f:0d:94,yes
282,129,868698327,dc:45:46:79:db:af,1c:28:af:1f:0d:94,yes
283,128,868698958,dc:45:46:79:db:af,1c:28:af:1f:0d:94,yes
284,146,868699271,dc:45:46:79:db:af,1c:28:af:1f:0d:94,yes
285,2689,868708537,1c:28:af:1f:0d:91,7e:68:2e:06:78:f5,no
286,396,868732748,1c:28:af:1f:0d:94,dc:45:46:79:db:af,no
287,4225,868737717,1c:28:af:1f:0d:94,dc:45:46:79:db:af,no
288,309,868738074,1c:28:af:1f:0d:94,dc:45:46:79:db:af,no
289,453,868738575,1c:28:af:1f:0d:94,dc:45:46:79:db:af,no
290,729,868739352,dc:45:46:79:db:af,1c:28:af:1f:0d:94,no
291,128,868739541,dc:45:46:79:db:af,1c:28:af:1f:0d:94,yes
292,826,868741187,dc:45:46:79:db:af,1c:28:af:1f:0d:94,no
293,128,868741376,dc:45:46:79:db:af,1c:28:af:1f:0d:94,yes
294,129,868749335,dc:45:46:79:db:af,1c:28:af:1f:0d:94,yes
295,129,868749643,dc:45:46:79:db:af,1c:28:af:1f:0d:94,yes
296,302,868750133,dc:45:46:79:db:af,1c:28:af:1f:0d:94,no
297,26172,868776349,1c:28:af:1f:0d:94,6c:b1:33:9c:06:2b,no
298,989,868779946,dc:45:46:79:db:af,1c:28:af:1f:0d:94,no
299,128,868780119,dc:45:46:79:db:af,1c:28:af:1f:0d:94,yes
300,390,868780827,dc:45:46:79:db:af,1c:28:af:1f:0d:94,no
301,7912,868788783,1c:28:af:1f:0d:94,dc:45:46:79:db:af,no
302,744,868789575,7f:68:2e:06:78:f5,1c:28:af:1f:0d:91,no
303,366,868790002,1c:28:af:1f:0d:94,dc:45:46:79:db:af,no
304,1121,868791171,dc:45:46:79:db:af,1c:28:af:1f:0d:94,no
305,128,868791343,dc:45:46:79:db:af,1c:28:af:1f:0d:94,yes
306,128,868792081,dc:45:46:79:db:af,1c:28:af:1f:0d:94,yes
307,1981,868812085,6c:b1:33:9c:06:2b,1c:28:af:1f:0d:94,no
308,1129,868813258,6c:b1:33:9c:06:2b,1c:28:af:1f:0d:94,no
309,274,868813576,6c:b1:33:9c:06:2b,1c:28:af:1f:0d:94,no
310,219,868813839,6c:b1:33:9c:06:2b,1c:28:af:1f:0d:94,no
311,6846,868820730,1c:28:af:1f:0d:94,dc:45:46:79:db:af,no
312,10420,868831198,1c:28:af:1f:0d:94,dc:45:46:79:db:af,no
313,3430,868834676,1c:28:af:1f:0d:94,dc:45:46:79:db:af,no
314,1332,868836056,dc:45:46:79:db:af,1c:28:af:1f:0d:94,no
315,128,868836228,dc:45:46:79:db:af,1c:28:af:1f:0d:94,yes
316,60,868841487,7e:68:2e:06:78:f5,1c:28:af:1f:0d:91,yes
317,128,868865823,98:bd:80:4d:67:be,1c:28:af:1f:0d:94,yes
318,128,868866631,98:bd:80:4d:67:be,1c:28:af:1f:0d:94,yes
319,12991,868888686,7e:68:2e:06:78:f5,1c:28:af:1f:0d:91,no
320,60,868888746,7e:68:2e:06:78:f5,1c:28:af:1f:0d:91,yes
321,382,868902206,dc:45:46:79:db:af,1c:28:af:1f:0d:94,no
322,5793,868908044,98:bd:80:4d:67:be,1c:28:af:1f:0d:94,no
323,677,868908765,98:bd:80:4d:67:be,1c:28:af:1f:0d:94,no
324,5929,868914738,7e:68:2e:06:78:f5,1c:28:af:1f:0d:91,no
325,60,868914798,7e:68:2e:06:78:f5,1c:28:af:1f:0d:91,yes
326,5450,868926611,dc:45:46:79:db:af,1c:28:af:1f:0d:94,no
327,129,868926784,dc:45:46:79:db:af,1c:28:af:1f:0d:94,yes
328,128,868927147,dc:45:46:79:db:af,1c:28:af:1f:0d:94,yes
329,4810,868934163,dc:45:46:79:db:af,1c:28:af:1f:0d:94,no
330,129,868934336,dc:45:46:79:db:af,1c:28:af:1f:0d:94,yes
331,396,868942939,1c:28:af:1f:0d:94,dc:45:46:79:db:af,no
332,7413,868950400,98:bd:80:4d:67:be,1c:28:af:1f:0d:94,no
333,863,868951308,98:bd:80:4d:67:be,1c:28:af:1f:0d:94,no
334,372,868951724,98:bd:80:4d:67:be,1c:28:af:1f:0d:94,no
335,136,868951905,98:bd:80:4d:67:be,1c:28:af:1f:0d:94,yes
336,5938,868972838,dc:45:46:79:db:af,1c:28:af:1f:0d:94,no
337,128,868973010,dc:45:46:79:db:af,1c:28:af:1f:0d:94,yes
338,608,868975042,dc:45:46:79:db:af,1c:28:af:1f:0d:94,no
339,129,868975214,dc:45:46:79:db:af,1c:28:af:1f:0d:94,yes
340,136,868976436,dc:45:46:79:db:af,1c:28:af:1f:0d:94,yes
341,592,868992353,98:bd:80:4d:67:be,1c:28:af:1f:0d:94,no
342,128,868992525,98:bd:80:4d:67:be,1c:28:af:1f:0d:94,yes
343,137,868993112,98:bd:80:4d:67:be,1c:28:af:1f:0d:94,yes
344,915,869002684,dc:45:46:79:db:af,1c:28:af:1f:0d:94,no
345,129,869002857,dc:45:46:79:db:af,1c:28:af:1f:0d:94,yes
346,1175,869017829,1c:28:af:1f:0d:94,dc:45:46:79:db:af,no
347,3087,869020964,dc:45:46:79:db:af,1c:28:af:1f:0d:94,no
348,12284,869033292,1c:28:af:1f:0d:94,98:bd:80:4d:67:be,no
349,3062,869042557,1c:28:af:1f:0d:94,dc:45:46:79:db:af,no
350,1798,869044403,dc:45:46:79:db:af,1c:28:af:1f:0d:94,no
351,128,869044575,dc:45:46:79:db:af,1c:28:af:1f:0d:94,yes
352,128,869044919,dc:45:46:79:db:af,1c:28:af:1f:0d:94,yes
353,128,869048015,98:bd:80:4d:67:be,1c:28:af:1f:0d:94,yes
354,3495,869065587,1c:28:af:1f:0d:94,dc:45:46:79:db:af,no
355,2771,869068406,dc:45:46:79:db:af,1c:28:af:1f:0d:94,no
356,128,869068578,dc:45:46:79:db:af,1c:28:af:1f:0d:94,yes
357,128,869069645,dc:45:46:79:db:af,1c:28:af:1f:0d:94,yes
358,128,869070183,dc:45:46:79:db:af,1c:28:af:1f:0d:94,yes
359,13179,869083803,1c:28:af:1f:0d:94,dc:45:46:79:db:af,no
360,3629,869087480,98:bd:80:4d:67:be,1c:28:af:1f:0d:94,no
361,129,869087653,98:bd:80:4d:67:be,1c:28:af:1f:0d:94,yes
362,935,869089154,98:bd:80:4d:67:be,1c:28:af:1f:0d:94,yes
363,19876,869109030,1c:28:af:1f:0d:94,dc:45:46:79:db:af,no
364,756,869109834,1c:28:af:1f:0d:94,dc:45:46:79:db:af,no
365,16648,869126530,6c:b1:33:9c:06:2b,1c:28:af:1f:0d:94,no
366,45,869126575,6c:b1:33:9c:06:2b,1c:28:af:1f:0d:94,yes
367,45,869128874,6c:b1:33:9c:06:2b,1c:28:af:1f:0d:94,yes
368,1085,869130343,1c:28:af:1f:0d:94,98:bd:80:4d:67:be,no
369,396,869145164,1c:28:af:1f:0d:94,dc:45:46:79:db:af,no
370,2221,869147433,dc:45:46:79:db:af,1c:28:af:1f:0d:94,no
371,128,869147606,dc:45:46:79:db:af,1c:28:af:1f:0d:94,yes
372,128,869148339,98:bd:80:4d:67:be,1c:28:af:1f:0d:94,yes
373,128,869148613,dc:45:46:79:db:af,1c:28:af:1f:0d:94,yes
374,30040,869179373,98:bd:80:4d:67:be,1c:28:af:1f:0d:94,no
375,128,869179546,98:bd:80:4d:67:be,1c:28:af:1f:0d:94,yes
376,846,869187818,1c:28:af:1f:0d:94,dc:45:46:79:db:af,no
377,33863,869221729,98:bd:80:4d:67:be,1c:28:af:1f:0d:94,no
378,128,869221901,98:bd:80:4d:67:be,1c:28:af:1f:0d:94,yes
379,128,869237762,dc:45:46:79:db:af,1c:28:af:1f:0d:94,yes
380,44,869248929,a6:70:72:f8:56:5e,1c:28:af:1f:0d:94,yes
381,45,869266205,a6:70:72:f8:56:5e,1c:28:af:1f:0d:94,yes
382,128,869282944,dc:45:46:79:db:af,1c:28:af:1f:0d:94,yes
383,363,869295687,1c:28:af:1f:0d:94,6c:b1:33:9c:06:2b,no
384,8433,869305304,6c:b1:33:9c:06:2b,1c:28:af:1f:0d:94,no
385,44391,869349739,6c:b1:33:9c:06:2b,1c:28:af:1f:0d:94,no
386,4341,869354125,1d:28:af:1f:0d:94,dc:45:46:79:db:af,no
387,396,869354581,1c:28:af:1f:0d:94,dc:45:46:79:db:af,no
388,929,869355558,dc:45:46:79:db:af,1c:28:af:1f:0d:94,no
389,129,869355747,dc:45:46:79:db:af,1c:28:af:1f:0d:94,yes
390,137,869360261,dc:45:46:79:db:af,1c:28:af:1f:0d:94,yes
391,2510,869396995,6c:b1:33:9c:06:2b,1c:28:af:1f:0d:94,no
392,35727,869432767,1c:28:af:1f:0d:94,dc:45:46:79:db:af,no
393,882,869433697,dc:45:46:79:db:af,1c:28:af:1f:0d:94,no
394,5203,869438961,1c:28:af:1f:0d:94,6c:b1:33:9c:06:2b,no
395,1504,869443048,6c:b1:33:9c:06:2b,1c:28:af:1f:0d:94,no
396,11514,869454607,dc:45:46:79:db:af,1c:28:af:1f:0d:94,no
397,128,869454796,dc:45:46:79:db:af,1c:28:af:1f:0d:94,yes
398,338,869455535,dc:45:46:79:db:af,1c:28:af:1f:0d:94,no
399,33975,869489570,6c:b1:33:9c:06:2b,1c:28:af:1f:0d:94,no
400,8597,869498212,6c:b1:33:9c:06:2b,1c:28:af:1f:0d:94,no
401,26474,869524731,1c:28:af:1f:0d:94,dc:45:46:79:db:af,no
402,1150,869525929,dc:45:46:79:db:af,1c:28:af:1f:0d:94,no
403,338,869526328,dc:45:46:79:db:af,1c:28:af:1f:0d:94,no
404,129,869526517,dc:45:46:79:db:af,1c:28:af:1f:0d:94,yes
405,128,869528229,dc:45:46:79:db:af,1c:28:af:1f:0d:94,yes
406,3186,869551414,6c:b1:33:9c:06:2b,1c:28:af:1f:0d:94,no
407,4522,869555980,a6:70:72:f8:56:5e,1c:28:af:1f:0d:94,no
408,44,869556024,a6:70:72:f8:56:5e,1c:28:af:1f:0d:94,yes
409,45,869573820,a6:70:72:f8:56:5e,1c:28:af:1f:0d:94,yes
410,17607,869608675,6c:b1:33:9c:06:2b,1c:28:af:1f:0d:94,no
411,4846,869613566,6c:b1:33:9c:06:2b,1c:28:af:1f:0d:94,no
412,1253,869614864,6c:b1:33:9c:06:2b,1c:28:af:1f:0d:94,no
413,13543,869628452,dc:45:46:79:db:af,1c:28:af:1f:0d:94,no
414,61,869628513,dc:45:46:79:db:af,1c:28:af:1f:0d:94,yes
415,61,869654284,dc:45:46:79:db:af,1c:28:af:1f:0d:94,yes
416,7723,869662395,6c:b1:33:9c:06:2b,1c:28:af:1f:0d:94,no
417,1891,869664331,6c:b1:33:9c:06:2b,1c:28:af:1f:0d:94,no
418,15301,869679676,1d:28:af:1f:0d:94,dc:45:46:79:db:af,no
419,396,869680133,1c:28:af:1f:0d:94,dc:45:46:79:db:af,no
420,1128,869681309,dc:45:46:79:db:af,1c:28:af:1f:0d:94,no
421,129,869681498,dc:45:46:79:db:af,1c:28:af:1f:0d:94,yes
422,128,869681882,dc:45:46:79:db:af,1c:28:af:1f:0d:94,yes
423,128,869709918,ec:4c:8c:39:47:f2,1c:28:af:1f:0d:94,yes
424,60,869782165,dc:45:46:79:db:af,1c:28:af:1f:0d:94,yes
425,61,869845461,dc:45:46:79:db:af,1c:28:af:1f:0d:94,yes
426,128,869845828,dc:45:46:79:db:af,1c:28:af:1f:0d:94,yes
427,7010,869881172,6c:b1:33:9c:06:2b,1c:28:af:1f:0d:94,no
428,1251,869882467,6c:b1:33:9c:06:2b,1c:28:af:1f:0d:94,no
429,7582,869890641,6c:b1:33:9c:06:2b,1c:28:af:1f:0d:94,no
430,33228,869923914,1c:28:af:1f:0d:94,6c:b1:33:9c:06:2b,no
431,8202,869946052,dc:45:46:79:db:af,1c:28:af:1f:0d:94,no
432,61,869946113,dc:45:46:79:db:af,1c:28:af:1f:0d:94,yes
433,1818,869950644,6c:b1:33:9c:06:2b,1c:28:af:1f:0d:94,no
434,65981,870016670,dc:45:46:79:db:af,1c:28:af:1f:0d:94,no
435,61,870016731,dc:45:46:79:db:af,1c:28:af:1f:0d:94,yes
436,136,870017109,dc:45:46:79:db:af,1c:28:af:1f:0d:94,yes
437,129,870018660,dc:45:46:79:db:af,1c:28:af:1f:0d:94,yes
438,396,870059952,1c:28:af:1f:0d:94,dc:45:46:79:db:af,no
439,748,870060748,dc:45:46:79:db:af,1c:28:af:1f:0d:94,no
440,2664,870063456,dc:45:46:79:db:af,1c:28:af:1f:0d:94,no
441,128,870063628,dc:45:46:79:db:af,1c:28:af:1f:0d:94,yes
442,136,870063952,dc:45:46:79:db:af,1c:28:af:1f:0d:94,yes
443,3453,870104026,1c:28:af:1f:0d:94,dc:45:46:79:db:af,no
444,1670,870105744,1c:28:af:1f:0d:94,dc:45:46:79:db:af,no
445,4318,870110110,dc:45:46:79:db:af,1c:28:af:1f:0d:94,no
446,511,870110665,dc:45:46:79:db:af,1c:28:af:1f:0d:94,no
447,42899,870153608,1c:28:af:1f:0d:94,dc:45:46:79:db:af,no
448,2894,870156550,dc:45:46:79:db:af,1c:28:af:1f:0d:94,no
449,128,870156722,dc:45:46:79:db:af,1c:28:af:1f:0d:94,yes
450,128,870157212,dc:45:46:79:db:af,1c:28:af:1f:0d:94,yes
451,136,870157799,dc:45:46:79:db:af,1c:28:af:1f:0d:94,yes
452,327,870196894,1c:28:af:1f:0d:94,dc:45:46:79:db:af,no
453,561,870197503,1c:28:af:1f:0d:94,dc:45:46:79:db:af,no
454,6954,870204505,1c:28:af:1f:0d:94,dc:45:46:79:db:af,no
455,746,870205299,dc:45:46:79:db:af,1c:28:af:1f:0d:94,no
456,128,870205471,dc:45:46:79:db:af,1c:28:af:1f:0d:94,yes
457,128,870206003,dc:45:46:79:db:af,1c:28:af:1f:0d:94,yes
458,18986,870239939,1c:28:af:1f:0d:94,dc:45:46:79:db:af,no
459,3772,870244917,1c:28:af:1f:0d:94,dc:45:46:79:db:af,yes
460,371,870245288,1c:28:af:1f:0d:94,dc:45:46:79:db:af,no
461,7276,870252612,dc:45:46:79:db:af,1c:28:af:1f:0d:94,no
462,350,870253006,dc:45:46:79:db:af,1c:28:af:1f:0d:94,no
463,149,870253200,dc:45:46:79:db:af,1c:28:af:1f:0d:94,yes
464,32331,870293558,1c:28:af:1f:0d:91,Unkown,yes
465,397,870293955,1c:28:af:1f:0d:94,dc:45:46:79:db:af,no
466,5224,870299227,ec:4c:8c:39:47:f2,1c:28:af:1f:0d:94,no
467,136,870299408,ec:4c:8c:39:47:f2,1c:28:af:1f:0d:94,yes
468,29972,870330940,7e:68:2e:06:78:f5,1c:28:af:1f:0d:91,no
469,61,870331001,7e:68:2e:06:78:f5,1c:28:af:1f:0d:91,yes
470,379,870378627,dc:45:46:79:db:af,1c:28:af:1f:0d:94,no
471,150,870378821,dc:45:46:79:db:af,1c:28:af:1f:0d:94,yes
472,128,870407109,ec:4c:8c:39:47:f2,1c:28:af:1f:0d:94,yes
473,928,870416352,dc:45:46:79:db:af,1c:28:af:1f:0d:94,no
474,1884,870418281,1c:28:af:1f:0d:94,dc:45:46:79:db:af,no
475,3531,870421861,1c:28:af:1f:0d:94,dc:45:46:79:db:af,no
476,877,870422786,dc:45:46:79:db:af,1c:28:af:1f:0d:94,no
477,129,870422959,dc:45:46:79:db:af,1c:28:af:1f:0d:94,yes
478,128,870423336,98:bd:80:4d:67:be,1c:28:af:1f:0d:94,yes
479,60,870430262,7e:68:2e:06:78:f5,1c:28:af:1f:0d:91,yes
480,3411,870459347,1c:28:af:1f:0d:94,dc:45:46:79:db:af,no
481,2185,870461580,dc:45:46:79:db:af,1c:28:af:1f:0d:94,no
482,128,870461752,dc:45:46:79:db:af,1c:28:af:1f:0d:94,yes
483,61,870473091,7e:68:2e:06:78:f5,1c:28:af:1f:0d:91,yes
484,18290,870499126,7e:68:2e:06:78:f5,1c:28:af:1f:0d:91,no
485,61,870499187,7e:68:2e:06:78:f5,1c:28:af:1f:0d:91,yes
486,327,870499733,dc:45:46:79:db:af,1c:28:af:1f:0d:94,no
487,128,870499905,dc:45:46:79:db:af,1c:28:af:1f:0d:94,yes
488,397,870502059,1c:28:af:1f:0d:94,dc:45:46:79:db:af,no
489,65318,870567425,6c:b1:33:9c:06:2b,1c:28:af:1f:0d:94,no
490,34911,870602381,dc:45:46:79:db:af,1c:28:af:1f:0d:94,no
491,60,870602441,dc:45:46:79:db:af,1c:28:af:1f:0d:94,yes
492,45232,870689165,6c:b1:33:9c:06:2b,1c:28:af:1f:0d:94,no
493,42911,870732121,6c:b1:33:9c:06:2b,1c:28:af:1f:0d:94,no
494,2997,870735162,6c:b1:33:9c:06:2b,1c:28:af:1f:0d:94,no
495,45098,870780305,6c:b1:33:9c:06:2b,1c:28:af:1f:0d:94,no
496,330,870780680,dc:45:46:79:db:af,1c:28:af:1f:0d:94,no
497,60,870780740,dc:45:46:79:db:af,1c:28:af:1f:0d:94,yes
498,761,870782007,1d:28:af:1f:0d:94,dc:45:46:79:db:af,no
499,396,870782463,1c:28:af:1f:0d:94,dc:45:46:79:db:af,no
500,1094,870783605,dc:45:46:79:db:af,1c:28:af:1f:0d:94,no
501,128,870783777,dc:45:46:79:db:af,1c:28:af:1f:0d:94,yes
502,31737,870837020,6c:b1:33:9c:06:2b,1c:28:af:1f:0d:94,no
503,4448,870841512,6c:b1:33:9c:06:2b,1c:28:af:1f:0d:94,no
504,6352,870847908,6c:b1:33:9c:06:2b,1c:28:af:1f:0d:94,no
505,2994,870850946,6c:b1:33:9c:06:2b,1c:28:af:1f:0d:94,no
506,33011,870884002,dc:45:46:79:db:af,1c:28:af:1f:0d:94,no
507,61,870884063,dc:45:46:79:db:af,1c:28:af:1f:0d:94,yes
508,3290,870898531,6c:b1:33:9c:06:2b,1c:28:af:1f:0d:94,no
509,4125,870902700,6c:b1:33:9c:06:2b,1c:28:af:1f:0d:94,no
510,15816,870918561,6c:b1:33:9c:06:2b,1c:28:af:1f:0d:94,no
511,9696,870928301,6c:b1:33:9c:06:2b,1c:28:af:1f:0d:94,no
512,759,870929105,6c:b1:33:9c:06:2b,1c:28:af:1f:0d:94,no
513,1609,870930759,6c:b1:33:9c:06:2b,1c:28:af:1f:0d:94,no
514,9869,870940673,6c:b1:33:9c:06:2b,1c:28:af:1f:0d:94,no
515,10197,870950914,dc:45:46:79:db:af,1c:28:af:1f:0d:94,no
516,60,870950974,dc:45:46:79:db:af,1c:28:af:1f:0d:94,yes
517,128,870951312,dc:45:46:79:db:af,1c:28:af:1f:0d:94,yes
518,589,870952470,1c:28:af:1f:0d:94,dc:45:46:79:db:af,no
519,24882,870977400,6c:b1:33:9c:06:2b,1c:28:af:1f:0d:94,no
520,9587,870987031,6c:b1:33:9c:06:2b,1c:28:af:1f:0d:94,no
521,8694,870995769,dc:45:46:79:db:af,1c:28:af:1f:0d:94,no
522,128,870995941,dc:45:46:79:db:af,1c:28:af:1f:0d:94,yes
523,60,871070666,7e:68:2e:06:78:f5,1c:28:af:1f:0d:91,yes
524,45,871093981,a6:70:72:f8:56:5e,1c:28:af:1f:0d:94,yes
525,61,871096226,dc:45:46:79:db:af,1c:28:af:1f:0d:94,yes
526,1688,871102913,6c:b1:33:9c:06:2b,1c:28:af:1f:0d:94,no
527,8529,871111487,a6:70:72:f8:56:5e,1c:28:af:1f:0d:94,no
528,44,871111531,a6:70:72:f8:56:5e,1c:28:af:1f:0d:94,yes
529,1623,871120440,6c:b1:33:9c:06:2b,1c:28:af:1f:0d:94,no
530,1695,871122180,1c:28:af:1f:0d:91,7e:68:2e:06:78:f5,no
531,25364,871161212,1c:28:af:1f:0d:94,6c:b1:33:9c:06:2b,no
532,61,871173723,7e:68:2e:06:78:f5,1c:28:af:1f:0d:91,yes
533,61,871190585,98:bd:80:4d:67:be,1c:28:af:1f:0d:94,yes
534,26789,871221224,7e:68:2e:06:78:f5,1c:28:af:1f:0d:91,no
535,60,871221284,7e:68:2e:06:78:f5,1c:28:af:1f:0d:91,yes
536,60,871247487,7e:68:2e:06:78:f5,1c:28:af:1f:0d:91,yes
537,60,871275199,dc:45:46:79:db:af,1c:28:af:1f:0d:94,yes
538,128,871275527,dc:45:46:79:db:af,1c:28:af:1f:0d:94,yes
539,60,871305243,98:bd:80:4d:67:be,1c:28:af:1f:0d:94,yes
540,396,871306866,1c:28:af:1f:0d:94,dc:45:46:79:db:af,no
541,87742,871394656,98:bd:80:4d:67:be,1c:28:af:1f:0d:94,no
542,60,871394716,98:bd:80:4d:67:be,1c:28:af:1f:0d:94,yes
543,45,871396216,6c:b1:33:9c:06:2b,1c:28:af:1f:0d:94,yes
544,60,871407248,dc:45:46:79:db:af,1c:28:af:1f:0d:94,yes
545,60,871476612,dc:45:46:79:db:af,1c:28:af:1f:0d:94,yes
546,128,871476939,dc:45:46:79:db:af,1c:28:af:1f:0d:94,yes
547,4310,871482528,dc:45:46:79:db:af,1c:28:af:1f:0d:94,no
548,128,871482700,dc:45:46:79:db:af,1c:28:af:1f:0d:94,yes
549,45,871501974,a6:70:72:f8:56:5e,1c:28:af:1f:0d:94,yes
550,1038,871504755,1c:28:af:1f:0d:94,a6:70:72:f8:56:5e,no
551,2252,871507054,1c:28:af:1f:0d:94,a6:70:72:f8:56:5e,no
552,2110,871509212,98:bd:80:4d:67:be,1c:28:af:1f:0d:94,no
553,61,871509273,98:bd:80:4d:67:be,1c:28:af:1f:0d:94,yes
554,396,871510797,1c:28:af:1f:0d:94,dc:45:46:79:db:af,no
555,10054,871520899,dc:45:46:79:db:af,1c:28:af:1f:0d:94,no
556,128,871521071,dc:45:46:79:db:af,1c:28:af:1f:0d:94,yes
557,45,871523646,a6:70:72:f8:56:5e,1c:28:af:1f:0d:94,yes
558,884,871524819,dc:45:46:79:db:af,1c:28:af:1f:0d:94,no
559,128,871524991,dc:45:46:79:db:af,1c:28:af:1f:0d:94,yes
560,136,871526327,dc:45:46:79:db:af,1c:28:af:1f:0d:94,yes
561,60,871535587,98:bd:80:4d:67:be,1c:28:af:1f:0d:94,yes
562,21500,871587939,1c:28:af:1f:0d:94,dc:45:46:79:db:af,no
563,2879,871590866,dc:45:46:79:db:af,1c:28:af:1f:0d:94,no
564,4725,871595634,98:bd:80:4d:67:be,1c:28:af:1f:0d:94,no
565,60,871595694,98:bd:80:4d:67:be,1c:28:af:1f:0d:94,yes
566,61,871599888,98:bd:80:4d:67:be,1c:28:af:1f:0d:94,yes
567,128,871600184,98:bd:80:4d:67:be,1c:28:af:1f:0d:94,yes
568,3183,871621571,98:bd:80:4d:67:be,1c:28:af:1f:0d:94,no
569,60,871621631,98:bd:80:4d:67:be,1c:28:af:1f:0d:94,yes
570,25772,871657161,98:bd:80:4d:67:be,1c:28:af:1f:0d:94,no
571,61,871657222,98:bd:80:4d:67:be,1c:28:af:1f:0d:94,yes
572,128,871661117,dc:45:46:79:db:af,1c:28:af:1f:0d:94,yes
573,1112,871664561,dc:45:46:79:db:af,1c:28:af:1f:0d:94,no
574,128,871664733,dc:45:46:79:db:af,1c:28:af:1f:0d:94,yes
575,128,871665750,dc:45:46:79:db:af,1c:28:af:1f:0d:94,yes
576,129,871666086,dc:45:46:79:db:af,1c:28:af:1f:0d:94,yes
577,35508,871701844,98:bd:80:4d:67:be,1c:28:af:1f:0d:94,no
578,61,871701905,98:bd:80:4d:67:be,1c:28:af:1f:0d:94,yes
579,810,871706326,1c:28:af:1f:0d:94,dc:45:46:79:db:af,no
580,20019,871726393,1d:28:af:1f:0d:94,dc:45:46:79:db:af,no
581,396,871726849,1c:28:af:1f:0d:94,dc:45:46:79:db:af,no
582,1102,871727999,dc:45:46:79:db:af,1c:28:af:1f:0d:94,no
583,129,871728188,dc:45:46:79:db:af,1c:28:af:1f:0d:94,yes
584,25376,871792929,98:bd:80:4d:67:be,1c:28:af:1f:0d:94,no
585,60,871792989,98:bd:80:4d:67:be,1c:28:af:1f:0d:94,yes
586,45,871796879,6c:b1:33:9c:06:2b,1c:28:af:1f:0d:94,yes
587,18130,871815162,dc:45:46:79:db:af,1c:28:af:1f:0d:94,no
588,128,871815350,dc:45:46:79:db:af,1c:28:af:1f:0d:94,yes
589,60,871818932,98:bd:80:4d:67:be,1c:28:af:1f:0d:94,yes
590,61,871854516,98:bd:80:4d:67:be,1c:28:af:1f:0d:94,yes
591,1253,871856130,dc:45:46:79:db:af,1c:28:af:1f:0d:94,no
592,387,871856578,dc:45:46:79:db:af,1c:28:af:1f:0d:94,no
593,128,871856766,dc:45:46:79:db:af,1c:28:af:1f:0d:94,yes
594,1893,871882386,98:bd:80:4d:67:be,1c:28:af:1f:0d:94,no
595,60,871882446,98:bd:80:4d:67:be,1c:28:af:1f:0d:94,yes
596,6157,871902350,98:bd:80:4d:67:be,1c:28:af:1f:0d:94,no
597,61,871902411,98:bd:80:4d:67:be,1c:28:af:1f:0d:94,yes
598,61,871906753,98:bd:80:4d:67:be,1c:28:af:1f:0d:94,yes
599,61,871948159,98:bd:80:4d:67:be,1c:28:af:1f:0d:94,yes
600,60,871976064,98:bd:80:4d:67:be,1c:28:af:1f:0d:94,yes
601,61,871995013,98:bd:80:4d:67:be,1c:28:af:1f:0d:94,yes
602,60,871996526,dc:45:46:79:db:af,1c:28:af:1f:0d:94,yes
603,61,872009114,98:bd:80:4d:67:be,1c:28:af:1f:0d:94,yes
604,60,872044021,98:bd:80:4d:67:be,1c:28:af:1f:0d:94,yes
605,61,872069896,98:bd:80:4d:67:be,1c:28:af:1f:0d:94,yes
606,45,872086159,6c:b1:33:9c:06:2b,1c:28:af:1f:0d:94,yes
607,60,872096270,98:bd:80:4d:67:be,1c:28:af:1f:0d:94,yes
608,60,872122151,98:bd:80:4d:67:be,1c:28:af:1f:0d:94,yes
609,61,872148539,98:bd:80:4d:67:be,1c:28:af:1f:0d:94,yes
610,61,872174403,98:bd:80:4d:67:be,1c:28:af:1f:0d:94,yes
611,61,872199488,98:bd:80:4d:67:be,1c:28:af:1f:0d:94,yes
612,128,872199857,98:bd:80:4d:67:be,1c:28:af:1f:0d:94,yes
613,61,872213906,7e:68:2e:06:78:f5,1c:28:af:1f:0d:91,yes
614,61,872214263,98:bd:80:4d:67:be,1c:28:af:1f:0d:94,yes
615,61,872270752,98:bd:80:4d:67:be,1c:28:af:1f:0d:94,yes
616,129,872271167,98:bd:80:4d:67:be,1c:28:af:1f:0d:94,yes
617,128,872282629,98:bd:80:4d:67:be,1c:28:af:1f:0d:94,yes
618,60,872296699,98:bd:80:4d:67:be,1c:28:af:1f:0d:94,yes
619,60,872309172,7e:68:2e:06:78:f5,1c:28:af:1f:0d:91,yes
620,61,872311546,98:bd:80:4d:67:be,1c:28:af:1f:0d:94,yes
621,128,872313495,98:bd:80:4d:67:be,1c:28:af:1f:0d:94,yes
622,61,872316325,98:bd:80:4d:67:be,1c:28:af:1f:0d:94,yes
623,60,872330721,98:bd:80:4d:67:be,1c:28:af:1f:0d:94,yes
624,60,872356571,98:bd:80:4d:67:be,1c:28:af:1f:0d:94,yes
625,60,872356758,7e:68:2e:06:78:f5,1c:28:af:1f:0d:91,yes
626,60,872382996,7e:68:2e:06:78:f5,1c:28:af:1f:0d:91,yes
627,60,872394342,98:bd:80:4d:67:be,1c:28:af:1f:0d:94,yes
628,128,872394714,98:bd:80:4d:67:be,1c:28:af:1f:0d:94,yes
629,61,872420084,98:bd:80:4d:67:be,1c:28:af:1f:0d:94,yes
630,128,872441479,ec:4c:8c:39:47:f2,1c:28:af:1f:0d:94,yes
631,61,872473079,98:bd:80:4d:67:be,1c:28:af:1f:0d:94,yes
632,61,872498963,98:bd:80:4d:67:be,1c:28:af:1f:0d:94,yes
633,61,872517913,98:bd:80:4d:67:be,1c:28:af:1f:0d:94,yes
634,61,872521115,98:bd:80:4d:67:be,1c:28:af:1f:0d:94,yes
635,60,872535227,98:bd:80:4d:67:be,1c:28:af:1f:0d:94,yes
636,128,872606248,98:bd:80:4d:67:be,1c:28:af:1f:0d:94,yes
637,129,872648483,98:bd:80:4d:67:be,1c:28:af:1f:0d:94,yes
638,136,872675615,98:bd:80:4d:67:be,1c:28:af:1f:0d:94,yes
639,1909,872722265,98:bd:80:4d:67:be,1c:28:af:1f:0d:94,yes
640,137,872722402,98:bd:80:4d:67:be,1c:28:af:1f:0d:94,yes
641,129,872768341,98:bd:80:4d:67:be,1c:28:af:1f:0d:94,yes
642,128,872822615,98:bd:80:4d:67:be,1c:28:af:1f:0d:94,yes
643,45,872828663,6c:b1:33:9c:06:2b,1c:28:af:1f:0d:94,yes
644,8993,872841075,6c:b1:33:9c:06:2b,1c:28:af:1f:0d:94,no
645,1144,872842264,6c:b1:33:9c:06:2b,1c:28:af:1f:0d:94,no
646,23705,872866014,98:bd:80:4d:67:be,1c:28:af:1f:0d:94,no
647,128,872866186,98:bd:80:4d:67:be,1c:28:af:1f:0d:94,yes
648,60,872930964,dc:45:46:79:db:af,1c:28:af:1f:0d:94,yes
649,396,872932164,1c:28:af:1f:0d:94,dc:45:46:79:db:af,no
650,23380,872955592,98:bd:80:4d:67:be,1c:28:af:1f:0d:94,no
651,25363,872980999,dc:45:46:79:db:af,1c:28:af:1f:0d:94,no
652,201,872981261,dc:45:46:79:db:af,1c:28:af:1f:0d:94,no
653,14176,872995497,1c:28:af:1f:0d:94,98:bd:80:4d:67:be,no
654,128,872998466,98:bd:80:4d:67:be,1c:28:af:1f:0d:94,yes
655,128,873010860,98:bd:80:4d:67:be,1c:28:af:1f:0d:94,yes
656,128,873011168,98:bd:80:4d:67:be,1c:28:af:1f:0d:94,yes
657,25552,873043668,7e:68:2e:06:78:f5,1c:28:af:1f:0d:91,no
658,61,873043729,7e:68:2e:06:78:f5,1c:28:af:1f:0d:91,yes
659,60,873081735,dc:45:46:79:db:af,1c:28:af:1f:0d:94,yes
660,45,873223667,6c:b1:33:9c:06:2b,1c:28:af:1f:0d:94,yes
661,61,873245420,7e:68:2e:06:78:f5,1c:28:af:1f:0d:91,yes
662,60,873246988,dc:45:46:79:db:af,1c:28:af:1f:0d:94,yes
663,93721,873340947,98:bd:80:4d:67:be,1c:28:af:1f:0d:94,no
664,128,873341119,98:bd:80:4d:67:be,1c:28:af:1f:0d:94,yes
665,60,873347662,dc:45:46:79:db:af,1c:28:af:1f:0d:94,yes
666,29627,873412958,1c:28:af:1f:0d:94,98:bd:80:4d:67:be,yes
667,61,873466239,dc:45:46:79:db:af,1c:28:af:1f:0d:94,yes
668,128,873466606,dc:45:46:79:db:af,1c:28:af:1f:0d:94,yes
669,396,873518106,1c:28:af:1f:0d:94,dc:45:46:79:db:af,no
670,21210,873539364,1c:28:af:1f:0d:94,dc:45:46:79:db:af,no
671,5707,873545119,dc:45:46:79:db:af,1c:28:af:1f:0d:94,no
672,281,873545460,dc:45:46:79:db:af,1c:28:af:1f:0d:94,no
673,128,873545648,dc:45:46:79:db:af,1c:28:af:1f:0d:94,yes
674,61,873647772,dc:45:46:79:db:af,1c:28:af:1f:0d:94,yes
675,61,873731391,dc:45:46:79:db:af,1c:28:af:1f:0d:94,yes
676,128,873731758,dc:45:46:79:db:af,1c:28:af:1f:0d:94,yes
677,396,873759718,1c:28:af:1f:0d:94,dc:45:46:79:db:af,no
678,60092,873819858,1c:28:af:1f:0d:94,dc:45:46:79:db:af,no
679,32392,873852298,1c:28:af:1f:0d:91,ff:ff:ff:ff:ff:ff,no
680,60,873862755,7e:68:2e:06:78:f5,1c:28:af:1f:0d:91,yes
681,60,873920240,dc:45:46:79:db:af,1c:28:af:1f:0d:94,yes
682,61,873977699,7e:68:2e:06:78:f5,1c:28:af:1f:0d:91,yes
683,60,874025052,7e:68:2e:06:78:f5,1c:28:af:1f:0d:91,yes
684,60,874028226,dc:45:46:79:db:af,1c:28:af:1f:0d:94,yes
685,128,874028604,dc:45:46:79:db:af,1c:28:af:1f:0d:94,yes
686,60,874051364,7e:68:2e:06:78:f5,1c:28:af:1f:0d:91,yes
687,44,874057887,6c:b1:33:9c:06:2b,1c:28:af:1f:0d:94,yes
688,23948,874085901,1c:28:af:1f:0d:94,6c:b1:33:9c:06:2b,no
689,7214,874096521,98:bd:80:4d:67:be,1c:28:af:1f:0d:94,no
690,128,874096693,98:bd:80:4d:67:be,1c:28:af:1f:0d:94,yes
691,397,874114649,1c:28:af:1f:0d:94,dc:45:46:79:db:af,no
692,488,874115185,1c:28:af:1f:0d:94,dc:45:46:79:db:af,no
693,432,874115665,dc:45:46:79:db:af,1c:28:af:1f:0d:94,no
694,128,874115854,dc:45:46:79:db:af,1c:28:af:1f:0d:94,yes
695,128,874147695,ec:4c:8c:39:47:f2,1c:28:af:1f:0d:94,yes
696,128,874167238,dc:45:46:79:db:af,1c:28:af:1f:0d:94,yes
697,128,874170842,ec:4c:8c:39:47:f2,1c:28:af:1f:0d:94,yes
698,128,874225268,ec:4c:8c:39:47:f2,1c:28:af:1f:0d:94,yes
699,60,874267521,dc:45:46:79:db:af,1c:28:af:1f:0d:94,yes
700,45,874295196,6c:b1:33:9c:06:2b,1c:28:af:1f:0d:94,yes
701,128,874313008,98:bd:80:4d:67:be,1c:28:af:1f:0d:94,yes
702,60,874324483,dc:45:46:79:db:af,1c:28:af:1f:0d:94,yes
703,202,874324925,dc:45:46:79:db:af,1c:28:af:1f:0d:94,no
704,72750,874397735,98:bd:80:4d:67:be,1c:28:af:1f:0d:94,no
705,128,874397908,98:bd:80:4d:67:be,1c:28:af:1f:0d:94,yes
706,396,874414830,1c:28:af:1f:0d:94,dc:45:46:79:db:af,no
707,100274,874515152,dc:45:46:79:db:af,1c:28:af:1f:0d:94,no
708,60,874515212,dc:45:46:79:db:af,1c:28:af:1f:0d:94,yes
709,61,874619331,dc:45:46:79:db:af,1c:28:af:1f:0d:94,yes
710,3160,874622729,1d:28:af:1f:0d:94,dc:45:46:79:db:af,no
711,396,874623186,1c:28:af:1f:0d:94,dc:45:46:79:db:af,no
712,855,874624089,dc:45:46:79:db:af,1c:28:af:1f:0d:94,no
713,128,874624261,dc:45:46:79:db:af,1c:28:af:1f:0d:94,yes
714,129,874662922,ec:4c:8c:39:47:f2,1c:28:af:1f:0d:94,yes
715,45,874671500,6c:b1:33:9c:06:2b,1c:28:af:1f:0d:94,yes
716,34014,874710601,1c:28:af:1f:0d:94,dc:45:46:79:db:af,no
717,68855,874779504,1c:28:af:1f:0d:94,dc:45:46:79:db:af,no
718,21769,874802452,ec:4c:8c:39:47:f2,1c:28:af:1f:0d:94,yes
719,128,874802580,ec:4c:8c:39:47:f2,1c:28:af:1f:0d:94,yes
720,2884,874810924,dc:45:46:79:db:af,1c:28:af:1f:0d:94,no
721,60,874810984,dc:45:46:79:db:af,1c:28:af:1f:0d:94,yes
722,2498,874819225,6c:b1:33:9c:06:2b,1c:28:af:1f:0d:94,no
723,60,874915077,dc:45:46:79:db:af,1c:28:af:1f:0d:94,yes
724,128,874915403,dc:45:46:79:db:af,1c:28:af:1f:0d:94,yes
725,128,874942073,ec:4c:8c:39:47:f2,1c:28:af:1f:0d:94,yes
726,396,875008633,1c:28:af:1f:0d:94,dc:45:46:79:db:af,no
727,8829,875017510,6c:b1:33:9c:06:2b,1c:28:af:1f:0d:94,no
728,91401,875108956,dc:45:46:79:db:af,1c:28:af:1f:0d:94,no
729,61,875109017,dc:45:46:79:db:af,1c:28:af:1f:0d:94,yes
730,13903,875180119,ec:4c:8c:39:47:f2,1c:28:af:1f:0d:94,no
731,419,875180582,ec:4c:8c:39:47:f2,1c:28:af:1f:0d:94,no
732,128,875180754,ec:4c:8c:39:47:f2,1c:28:af:1f:0d:94,yes
733,61,875225690,dc:45:46:79:db:af,1c:28:af:1f:0d:94,yes
734,128,875226017,dc:45:46:79:db:af,1c:28:af:1f:0d:94,yes
735,128,875260291,ec:4c:8c:39:47:f2,1c:28:af:1f:0d:94,yes
736,397,875320951,1c:28:af:1f:0d:94,dc:45:46:79:db:af,no
737,24271,875345270,ec:4c:8c:39:47:f2,1c:28:af:1f:0d:94,no
738,128,875345442,ec:4c:8c:39:47:f2,1c:28:af:1f:0d:94,yes
739,45,875372184,6c:b1:33:9c:06:2b,1c:28:af:1f:0d:94,yes
740,128,875392024,ec:4c:8c:39:47:f2,1c:28:af:1f:0d:94,yes
741,60,875421332,dc:45:46:79:db:af,1c:28:af:1f:0d:94,yes
742,128,875654923,ec:4c:8c:39:47:f2,1c:28:af:1f:0d:94,yes
743,45,875696478,6c:b1:33:9c:06:2b,1c:28:af:1f:0d:94,yes
744,16168,875716161,1c:28:af:1f:0d:94,98:bd:80:4d:67:be,no
745,129,875717067,ec:4c:8c:39:47:f2,1c:28:af:1f:0d:94,yes
746,60,875723795,dc:45:46:79:db:af,1c:28:af:1f:0d:94,yes
747,128,875724121,dc:45:46:79:db:af,1c:28:af:1f:0d:94,yes
748,128,875759808,98:bd:80:4d:67:be,1c:28:af:1f:0d:94,yes
749,396,875821725,1c:28:af:1f:0d:94,dc:45:46:79:db:af,no
750,81400,875903173,6c:b1:33:9c:06:2b,1c:28:af:1f:0d:94,no
751,45,875903218,6c:b1:33:9c:06:2b,1c:28:af:1f:0d:94,yes
752,60,875922106,dc:45:46:79:db:af,1c:28:af:1f:0d:94,yes
753,44,876003193,6c:b1:33:9c:06:2b,1c:28:af:1f:0d:94,yes
754,7893,876014980,6c:b1:33:9c:06:2b,1c:28:af:1f:0d:94,no
755,63780,876078805,7e:68:2e:06:78:f5,1c:28:af:1f:0d:91,no
756,60,876078865,7e:68:2e:06:78:f5,1c:28:af:1f:0d:91,yes
757,61,876183402,7e:68:2e:06:78:f5,1c:28:af:1f:0d:91,yes
758,38684,876230739,7e:68:2e:06:78:f5,1c:28:af:1f:0d:91,no
759,61,876230800,7e:68:2e:06:78:f5,1c:28:af:1f:0d:91,yes
760,61,876257053,7e:68:2e:06:78:f5,1c:28:af:1f:0d:91,yes
761,60,876309920,ec:4c:8c:39:47:f2,1c:28:af:1f:0d:94,yes
762,61,876329934,dc:45:46:79:db:af,1c:28:af:1f:0d:94,yes
763,128,876330258,dc:45:46:79:db:af,1c:28:af:1f:0d:94,yes
764,396,876374760,1c:28:af:1f:0d:94,dc:45:46:79:db:af,no
765,23303,876398111,6c:b1:33:9c:06:2b,1c:28:af:1f:0d:94,no
766,45,876398156,6c:b1:33:9c:06:2b,1c:28:af:1f:0d:94,yes
767,60,876424776,ec:4c:8c:39:47:f2,1c:28:af:1f:0d:94,yes
768,128,876425184,ec:4c:8c:39:47:f2,1c:28:af:1f:0d:94,yes
769,60,876475142,dc:45:46:79:db:af,1c:28:af:1f:0d:94,yes
770,61,876514700,ec:4c:8c:39:47:f2,1c:28:af:1f:0d:94,yes
771,60,876628725,dc:45:46:79:db:af,1c:28:af:1f:0d:94,yes
772,128,876629053,dc:45:46:79:db:af,1c:28:af:1f:0d:94,yes
773,60,876629307,ec:4c:8c:39:47:f2,1c:28:af:1f:0d:94,yes
774,61,876655545,ec:4c:8c:39:47:f2,1c:28:af:1f:0d:94,yes
775,61,876712363,ec:4c:8c:39:47:f2,1c:28:af:1f:0d:94,yes
776,61,876719508,ec:4c:8c:39:47:f2,1c:28:af:1f:0d:94,yes
777,60,876727512,7e:68:2e:06:78:f5,1c:28:af:1f:0d:91,yes
778,60,876729337,dc:45:46:79:db:af,1c:28:af:1f:0d:94,yes
779,61,876736918,dc:45:46:79:db:af,1c:28:af:1f:0d:94,yes
780,128,876737244,dc:45:46:79:db:af,1c:28:af:1f:0d:94,yes
781,397,876738543,1c:28:af:1f:0d:94,dc:45:46:79:db:af,no
782,424,876739015,ec:4c:8c:39:47:f2,1c:28:af:1f:0d:94,no
783,60,876739075,ec:4c:8c:39:47:f2,1c:28:af:1f:0d:94,yes
784,61,876765038,ec:4c:8c:39:47:f2,1c:28:af:1f:0d:94,yes
785,433,876798569,7e:68:2e:06:78:f5,1c:28:af:1f:0d:91,no
786,61,876798630,7e:68:2e:06:78:f5,1c:28:af:1f:0d:91,yes
787,60,876800602,ec:4c:8c:39:47:f2,1c:28:af:1f:0d:94,yes
788,128,876821999,ec:4c:8c:39:47:f2,1c:28:af:1f:0d:94,yes
789,60,876828559,ec:4c:8c:39:47:f2,1c:28:af:1f:0d:94,yes
790,60,876846896,7e:68:2e:06:78:f5,1c:28:af:1f:0d:91,yes
791,61,876848511,ec:4c:8c:39:47:f2,1c:28:af:1f:0d:94,yes
792,4439,876872808,7e:68:2e:06:78:f5,1c:28:af:1f:0d:91,no
793,60,876872868,7e:68:2e:06:78:f5,1c:28:af:1f:0d:91,yes
794,60,876898471,dc:45:46:79:db:af,1c:28:af:1f:0d:94,yes
795,128,876915262,ec:4c:8c:39:47:f2,1c:28:af:1f:0d:94,yes
796,61,876924309,ec:4c:8c:39:47:f2,1c:28:af:1f:0d:94,yes
797,45,876924527,6c:b1:33:9c:06:2b,1c:28:af:1f:0d:94,yes
798,10428,876939588,6c:b1:33:9c:06:2b,1c:28:af:1f:0d:94,no
799,1828,876941461,6c:b1:33:9c:06:2b,1c:28:af:1f:0d:94,no
800,90409,877031915,ec:4c:8c:39:47:f2,1c:28:af:1f:0d:94,no
801,60,877031975,ec:4c:8c:39:47:f2,1c:28:af:1f:0d:94,yes
802,128,877032344,ec:4c:8c:39:47:f2,1c:28:af:1f:0d:94,yes
803,60,877057287,ec:4c:8c:39:47:f2,1c:28:af:1f:0d:94,yes
804,60,877077029,ec:4c:8c:39:47:f2,1c:28:af:1f:0d:94,yes
805,60,877102906,ec:4c:8c:39:47:f2,1c:28:af:1f:0d:94,yes
806,128,877105741,98:bd:80:4d:67:be,1c:28:af:1f:0d:94,yes
807,3374,877122800,ec:4c:8c:39:47:f2,1c:28:af:1f:0d:94,no
808,61,877122861,ec:4c:8c:39:47:f2,1c:28:af:1f:0d:94,yes
809,61,877129108,ec:4c:8c:39:47:f2,1c:28:af:1f:0d:94,yes
810,60,877184518,ec:4c:8c:39:47:f2,1c:28:af:1f:0d:94,yes
811,60,877214506,ec:4c:8c:39:47:f2,1c:28:af:1f:0d:94,yes
812,61,877226273,ec:4c:8c:39:47:f2,1c:28:af:1f:0d:94,yes
813,60,877231515,ec:4c:8c:39:47:f2,1c:28:af:1f:0d:94,yes
814,60,877266347,ec:4c:8c:39:47:f2,1c:28:af:1f:0d:94,yes
815,60,877292229,ec:4c:8c:39:47:f2,1c:28:af:1f:0d:94,yes
816,60,877318605,ec:4c:8c:39:47:f2,1c:28:af:1f:0d:94,yes
817,44,877325061,6c:b1:33:9c:06:2b,1c:28:af:1f:0d:94,yes
818,61,877344485,ec:4c:8c:39:47:f2,1c:28:af:1f:0d:94,yes
819,61,877370846,ec:4c:8c:39:47:f2,1c:28:af:1f:0d:94,yes
820,60,877396733,ec:4c:8c:39:47:f2,1c:28:af:1f:0d:94,yes
821,61,877415668,ec:4c:8c:39:47:f2,1c:28:af:1f:0d:94,yes
822,61,877436319,ec:4c:8c:39:47:f2,1c:28:af:1f:0d:94,yes
823,128,877454142,98:bd:80:4d:67:be,1c:28:af:1f:0d:94,yes
824,61,877471079,ec:4c:8c:39:47:f2,1c:28:af:1f:0d:94,yes
825,128,877491652,98:bd:80:4d:67:be,1c:28:af:1f:0d:94,yes
826,61,877497019,ec:4c:8c:39:47:f2,1c:28:af:1f:0d:94,yes
827,60,877522104,ec:4c:8c:39:47:f2,1c:28:af:1f:0d:94,yes
828,60,877538704,ec:4c:8c:39:47:f2,1c:28:af:1f:0d:94,yes
829,129,877538944,98:bd:80:4d:67:be,1c:28:af:1f:0d:94,yes
830,61,877564392,ec:4c:8c:39:47:f2,1c:28:af:1f:0d:94,yes
831,61,877590280,ec:4c:8c:39:47:f2,1c:28:af:1f:0d:94,yes
832,128,877592028,98:bd:80:4d:67:be,1c:28:af:1f:0d:94,yes
833,61,877638175,ec:4c:8c:39:47:f2,1c:28:af:1f:0d:94,yes
834,60,877664040,ec:4c:8c:39:47:f2,1c:28:af:1f:0d:94,yes
835,128,877670385,98:bd:80:4d:67:be,1c:28:af:1f:0d:94,yes
836,61,877691366,dc:45:46:79:db:af,1c:28:af:1f:0d:94,yes
837,128,877691694,dc:45:46:79:db:af,1c:28:af:1f:0d:94,yes
838,128,877707926,98:bd:80:4d:67:be,1c:28:af:1f:0d:94,yes
839,396,877731943,1c:28:af:1f:0d:94,dc:45:46:79:db:af,no
840,354,877732345,ec:4c:8c:39:47:f2,1c:28:af:1f:0d:94,no
841,60,877732405,ec:4c:8c:39:47:f2,1c:28:af:1f:0d:94,yes
842,128,877754287,98:bd:80:4d:67:be,1c:28:af:1f:0d:94,yes
843,61,877758276,ec:4c:8c:39:47:f2,1c:28:af:1f:0d:94,yes
844,61,877798896,ec:4c:8c:39:47:f2,1c:28:af:1f:0d:94,yes
845,60,877824865,ec:4c:8c:39:47:f2,1c:28:af:1f:0d:94,yes
846,128,877830955,98:bd:80:4d:67:be,1c:28:af:1f:0d:94,yes
847,61,877832326,dc:45:46:79:db:af,1c:28:af:1f:0d:94,yes
848,60,877838674,ec:4c:8c:39:47:f2,1c:28:af:1f:0d:94,yes
849,60,877845907,ec:4c:8c:39:47:f2,1c:28:af:1f:0d:94,yes
850,45,877846171,6c:b1:33:9c:06:2b,1c:28:af:1f:0d:94,yes
851,1128,877851014,6c:b1:33:9c:06:2b,1c:28:af:1f:0d:94,no
852,1023,877852082,6c:b1:33:9c:06:2b,1c:28:af:1f:0d:94,no
853,4759,877856886,ec:4c:8c:39:47:f2,1c:28:af:1f:0d:94,no
854,60,877856946,ec:4c:8c:39:47:f2,1c:28:af:1f:0d:94,yes
855,10550,877894814,6c:b1:33:9c:06:2b,1c:28:af:1f:0d:94,no
856,2750,877897608,6c:b1:33:9c:06:2b,1c:28:af:1f:0d:94,no
857,5379,877903032,ec:4c:8c:39:47:f2,1c:28:af:1f:0d:94,no
858,60,877903092,ec:4c:8c:39:47:f2,1c:28:af:1f:0d:94,yes
859,129,877909758,98:bd:80:4d:67:be,1c:28:af:1f:0d:94,yes
860,26323,877938343,1c:28:af:1f:0d:94,6c:b1:33:9c:06:2b,no
861,60,877944559,ec:4c:8c:39:47:f2,1c:28:af:1f:0d:94,yes
862,61,877948307,ec:4c:8c:39:47:f2,1c:28:af:1f:0d:94,yes
863,3420,877954870,98:bd:80:4d:67:be,1c:28:af:1f:0d:94,no
864,128,877955043,98:bd:80:4d:67:be,1c:28:af:1f:0d:94,yes
865,60,877983164,ec:4c:8c:39:47:f2,1c:28:af:1f:0d:94,yes
866,128,877992968,98:bd:80:4d:67:be,1c:28:af:1f:0d:94,yes
867,61,878009126,ec:4c:8c:39:47:f2,1c:28:af:1f:0d:94,yes
868,17088,878039674,98:bd:80:4d:67:be,1c:28:af:1f:0d:94,no
869,128,878039846,98:bd:80:4d:67:be,1c:28:af:1f:0d:94,yes
870,60,878044699,ec:4c:8c:39:47:f2,1c:28:af:1f:0d:94,yes
871,1029,878057028,6c:b1:33:9c:06:2b,1c:28:af:1f:0d:94,no
872,15513,878072586,ec:4c:8c:39:47:f2,1c:28:af:1f:0d:94,no
873,60,878072646,ec:4c:8c:39:47:f2,1c:28:af:1f:0d:94,yes
874,19094,878092543,ec:4c:8c:39:47:f2,1c:28:af:1f:0d:94,no
875,60,878092603,ec:4c:8c:39:47:f2,1c:28:af:1f:0d:94,yes
876,128,878093058,98:bd:80:4d:67:be,1c:28:af:1f:0d:94,yes
877,8483,878139192,6c:b1:33:9c:06:2b,1c:28:af:1f:0d:94,yes
878,608,878139800,98:bd:80:4d:67:be,1c:28:af:1f:0d:94,no
879,128,878139972,98:bd:80:4d:67:be,1c:28:af:1f:0d:94,yes
880,61,878153118,ec:4c:8c:39:47:f2,1c:28:af:1f:0d:94,yes
881,13992,878184096,6c:b1:33:9c:06:2b,1c:28:af:1f:0d:94,yes
882,4209,878188305,6c:b1:33:9c:06:2b,1c:28:af:1f:0d:94,no
883,4915,878193265,98:bd:80:4d:67:be,1c:28:af:1f:0d:94,no
884,128,878193437,98:bd:80:4d:67:be,1c:28:af:1f:0d:94,yes
885,2038,878233604,6c:b1:33:9c:06:2b,1c:28:af:1f:0d:94,no
886,4126,878237774,6c:b1:33:9c:06:2b,1c:28:af:1f:0d:94,no
887,2385,878240203,98:bd:80:4d:67:be,1c:28:af:1f:0d:94,no
888,128,878240376,98:bd:80:4d:67:be,1c:28:af:1f:0d:94,yes
889,60,878260756,ec:4c:8c:39:47:f2,1c:28:af:1f:0d:94,yes
890,129,878278203,98:bd:80:4d:67:be,1c:28:af:1f:0d:94,yes
891,5449,878285569,ec:4c:8c:39:47:f2,1c:28:af:1f:0d:94,no
892,61,878285630,ec:4c:8c:39:47:f2,1c:28:af:1f:0d:94,yes
893,20023,878305796,ec:4c:8c:39:47:f2,1c:28:af:1f:0d:94,no
894,60,878305856,ec:4c:8c:39:47:f2,1c:28:af:1f:0d:94,yes
895,128,878321495,98:bd:80:4d:67:be,1c:28:af:1f:0d:94,yes
896,61,878331736,ec:4c:8c:39:47:f2,1c:28:af:1f:0d:94,yes
897,825,878338670,6c:b1:33:9c:06:2b,1c:28:af:1f:0d:94,no
898,12918,878351633,ec:4c:8c:39:47:f2,1c:28:af:1f:0d:94,no
899,60,878351693,ec:4c:8c:39:47:f2,1c:28:af:1f:0d:94,yes
900,61,878357897,ec:4c:8c:39:47:f2,1c:28:af:1f:0d:94,yes
901,129,878365152,98:bd:80:4d:67:be,1c:28:af:1f:0d:94,yes
902,10893,878391459,6c:b1:33:9c:06:2b,1c:28:af:1f:0d:94,no
903,5046,878396549,6c:b1:33:9c:06:2b,1c:28:af:1f:0d:94,no
904,11850,878408444,dc:45:46:79:db:af,1c:28:af:1f:0d:94,no
905,61,878408505,dc:45:46:79:db:af,1c:28:af:1f:0d:94,yes
906,128,878408832,dc:45:46:79:db:af,1c:28:af:1f:0d:94,yes
907,61,878413250,ec:4c:8c:39:47:f2,1c:28:af:1f:0d:94,yes
908,128,878431695,ec:4c:8c:39:47:f2,1c:28:af:1f:0d:94,yes
909,6090,878442583,6c:b1:33:9c:06:2b,1c:28:af:1f:0d:94,no
910,1058,878443927,6c:b1:33:9c:06:2b,1c:28:af:1f:0d:94,no
911,3094,878447066,6c:b1:33:9c:06:2b,1c:28:af:1f:0d:94,no
912,7809,878454919,ec:4c:8c:39:47:f2,1c:28:af:1f:0d:94,no
913,128,878455091,ec:4c:8c:39:47:f2,1c:28:af:1f:0d:94,yes
914,129,878456460,98:bd:80:4d:67:be,1c:28:af:1f:0d:94,yes
915,60,878460297,ec:4c:8c:39:47:f2,1c:28:af:1f:0d:94,yes
916,3969,878491691,6c:b1:33:9c:06:2b,1c:28:af:1f:0d:94,no
917,2071,878493807,98:bd:80:4d:67:be,1c:28:af:1f:0d:94,no
918,128,878493979,98:bd:80:4d:67:be,1c:28:af:1f:0d:94,yes
919,60,878495153,ec:4c:8c:39:47:f2,1c:28:af:1f:0d:94,yes
920,128,878495558,ec:4c:8c:39:47:f2,1c:28:af:1f:0d:94,yes
921,8027,878505495,1d:28:af:1f:0d:94,dc:45:46:79:db:af,no
922,396,878505951,1c:28:af:1f:0d:94,dc:45:46:79:db:af,no
923,329,878506328,6c:b1:33:9c:06:2b,1c:28:af:1f:0d:94,no
924,14594,878520967,ec:4c:8c:39:47:f2,1c:28:af:1f:0d:94,no
925,60,878521027,ec:4c:8c:39:47:f2,1c:28:af:1f:0d:94,yes
926,9779,878556286,ec:4c:8c:39:47:f2,1c:28:af:1f:0d:94,no
927,61,878556347,ec:4c:8c:39:47:f2,1c:28:af:1f:0d:94,yes
928,60,878562705,ec:4c:8c:39:47:f2,1c:28:af:1f:0d:94,yes
929,128,878572293,98:bd:80:4d:67:be,1c:28:af:1f:0d:94,yes
930,1128,878581698,6c:b1:33:9c:06:2b,1c:28:af:1f:0d:94,no
931,471,878582214,ec:4c:8c:39:47:f2,1c:28:af:1f:0d:94,no
932,60,878582274,ec:4c:8c:39:47:f2,1c:28:af:1f:0d:94,yes
933,16069,878606272,dc:45:46:79:db:af,1c:28:af:1f:0d:94,no
934,61,878606333,dc:45:46:79:db:af,1c:28:af:1f:0d:94,yes
935,61,878608164,ec:4c:8c:39:47:f2,1c:28:af:1f:0d:94,yes
936,128,878610165,98:bd:80:4d:67:be,1c:28:af:1f:0d:94,yes
937,1639,878625467,6c:b1:33:9c:06:2b,1c:28:af:1f:0d:94,no
938,1317,878626829,6c:b1:33:9c:06:2b,1c:28:af:1f:0d:94,no
939,7596,878634470,ec:4c:8c:39:47:f2,1c:28:af:1f:0d:94,no
940,60,878634530,ec:4c:8c:39:47:f2,1c:28:af:1f:0d:94,yes
941,2656,878640793,6c:b1:33:9c:06:2b,1c:28:af:1f:0d:94,no
942,8394,878649231,6c:b1:33:9c:06:2b,1c:28:af:1f:0d:94,no
943,15770,878665045,ec:4c:8c:39:47:f2,1c:28:af:1f:0d:94,no
944,60,878665105,ec:4c:8c:39:47:f2,1c:28:af:1f:0d:94,yes
945,6530,878676777,6c:b1:33:9c:06:2b,1c:28:af:1f:0d:94,no
946,2439,878679260,6c:b1:33:9c:06:2b,1c:28:af:1f:0d:94,no
947,1575,878680879,6c:b1:33:9c:06:2b,1c:28:af:1f:0d:94,no
948,10095,878691018,ec:4c:8c:39:47:f2,1c:28:af:1f:0d:94,no
949,60,878691261,ec:4c:8c:39:47:f2,1c:28:af:1f:0d:94,yes
950,128,878691630,ec:4c:8c:39:47:f2,1c:28:af:1f:0d:94,yes
951,710,878694651,98:bd:80:4d:67:be,1c:28:af:1f:0d:94,no
952,129,878694824,98:bd:80:4d:67:be,1c:28:af:1f:0d:94,yes
953,60,878716611,ec:4c:8c:39:47:f2,1c:28:af:1f:0d:94,yes
954,1463,878722686,6c:b1:33:9c:06:2b,1c:28:af:1f:0d:94,no
955,23981,878748525,6c:b1:33:9c:06:2b,1c:28:af:1f:0d:94,yes
956,2779,878751304,6c:b1:33:9c:06:2b,1c:28:af:1f:0d:94,no
957,4522,878755871,6c:b1:33:9c:06:2b,1c:28:af:1f:0d:94,no
958,333,878756248,ec:4c:8c:39:47:f2,1c:28:af:1f:0d:94,no
959,60,878756308,ec:4c:8c:39:47:f2,1c:28:af:1f:0d:94,yes
960,128,878773174,98:bd:80:4d:67:be,1c:28:af:1f:0d:94,yes
961,60,878782178,ec:4c:8c:39:47:f2,1c:28:af:1f:0d:94,yes
962,128,878810999,98:bd:80:4d:67:be,1c:28:af:1f:0d:94,yes
963,2129,878836179,6c:b1:33:9c:06:2b,1c:28:af:1f:0d:94,no
964,2980,878839204,ec:4c:8c:39:47:f2,1c:28:af:1f:0d:94,no
965,61,878839265,ec:4c:8c:39:47:f2,1c:28:af:1f:0d:94,yes
966,7915,878847421,6c:b1:33:9c:06:2b,1c:28:af:1f:0d:94,no
967,4519,878851985,1c:28:af:1f:0d:94,98:bd:80:4d:67:be,no
968,128,878853734,98:bd:80:4d:67:be,1c:28:af:1f:0d:94,yes
969,922,878854861,6c:b1:33:9c:06:2b,1c:28:af:1f:0d:94,no
970,14939,878869845,ec:4c:8c:39:47:f2,1c:28:af:1f:0d:94,no
971,60,878869905,ec:4c:8c:39:47:f2,1c:28:af:1f:0d:94,yes
972,14601,878893325,6c:b1:33:9c:06:2b,1c:28:af:1f:0d:94,no
973,1057,878894427,6c:b1:33:9c:06:2b,1c:28:af:1f:0d:94,no
974,1034,878895505,98:bd:80:4d:67:be,1c:28:af:1f:0d:94,no
975,128,878895677,98:bd:80:4d:67:be,1c:28:af:1f:0d:94,yes
976,61,878918380,ec:4c:8c:39:47:f2,1c:28:af:1f:0d:94,yes
977,4049,878943880,ec:4c:8c:39:47:f2,1c:28:af:1f:0d:94,no
978,60,878943940,ec:4c:8c:39:47:f2,1c:28:af:1f:0d:94,yes
979,1276,878946059,6c:b1:33:9c:06:2b,1c:28:af:1f:0d:94,no
980,18210,878964313,6c:b1:33:9c:06:2b,1c:28:af:1f:0d:94,no
981,4602,878968959,ec:4c:8c:39:47:f2,1c:28:af:1f:0d:94,no
982,60,878969019,ec:4c:8c:39:47:f2,1c:28:af:1f:0d:94,yes
983,60,878972296,ec:4c:8c:39:47:f2,1c:28:af:1f:0d:94,yes
984,128,878973762,98:bd:80:4d:67:be,1c:28:af:1f:0d:94,yes
985,60,878993845,ec:4c:8c:39:47:f2,1c:28:af:1f:0d:94,yes
986,128,879011266,98:bd:80:4d:67:be,1c:28:af:1f:0d:94,yes
987,61,879019809,ec:4c:8c:39:47:f2,1c:28:af:1f:0d:94,yes
988,60,879052095,ec:4c:8c:39:47:f2,1c:28:af:1f:0d:94,yes
989,45,879079292,a6:70:72:f8:56:5e,1c:28:af:1f:0d:94,yes
990,128,879096136,98:bd:80:4d:67:be,1c:28:af:1f:0d:94,yes
991,44,879097034,a6:70:72:f8:56:5e,1c:28:af:1f:0d:94,yes
992,13484,879112154,6c:b1:33:9c:06:2b,1c:28:af:1f:0d:94,no
993,1148,879113346,6c:b1:33:9c:06:2b,1c:28:af:1f:0d:94,no
994,3129,879116520,6c:b1:33:9c:06:2b,1c:28:af:1f:0d:94,no
995,57513,879174078,98:bd:80:4d:67:be,1c:28:af:1f:0d:94,no
996,128,879174250,98:bd:80:4d:67:be,1c:28:af:1f:0d:94,yes
997,128,879242801,98:bd:80:4d:67:be,1c:28:af:1f:0d:94,yes
998,12761,879279695,dc:45:46:79:db:af,1c:28:af:1f:0d:94,no
999,60,879279755,dc:45:46:79:db:af,1c:28:af:1f:0d:94,yes
1000,396,879281876,1c:28:af:1f:0d:94,dc:45:46:79:db:af,no
1001,16190,879298114,dc:45:46:79:db:af,1c:28:af:1f:0d:94,no
1002,129,879298286,dc:45:46:79:db:af,1c:28:af:1f:0d:94,yes
1003,129,879298528,dc:45:46:79:db:af,1c:28:af:1f:0d:94,yes
1004,128,879311557,98:bd:80:4d:67:be,1c:28:af:1f:0d:94,yes
1005,20882,879358684,98:bd:80:4d:67:be,1c:28:af:1f:0d:94,no
1006,128,879358856,98:bd:80:4d:67:be,1c:28:af:1f:0d:94,yes
1007,128,879416169,98:bd:80:4d:67:be,1c:28:af:1f:0d:94,yes
1008,19716,879438075,dc:45:46:79:db:af,1c:28:af:1f:0d:94,no
1009,61,879438136,dc:45:46:79:db:af,1c:28:af:1f:0d:94,yes
1010,44,879488862,a6:70:72:f8:56:5e,1c:28:af:1f:0d:94,yes
1011,5739,879505659,a6:70:72:f8:56:5e,1c:28:af:1f:0d:94,no
1012,45,879505704,a6:70:72:f8:56:5e,1c:28:af:1f:0d:94,yes
1013,128,879528109,98:bd:80:4d:67:be,1c:28:af:1f:0d:94,yes
1014,47907,879634552,6c:b1:33:9c:06:2b,1c:28:af:1f:0d:94,no
1015,8726,879643322,98:bd:80:4d:67:be,1c:28:af:1f:0d:94,no
1016,128,879643494,98:bd:80:4d:67:be,1c:28:af:1f:0d:94,yes
1017,10557,879669332,6c:b1:33:9c:06:2b,1c:28:af:1f:0d:94,no
1018,8661,879678037,6c:b1:33:9c:06:2b,1c:28:af:1f:0d:94,no
1019,6043,879684125,1c:28:af:1f:0d:94,98:bd:80:4d:67:be,no
1020,24722,879709083,ec:4c:8c:39:47:f2,1c:28:af:1f:0d:94,no
1021,128,879709255,ec:4c:8c:39:47:f2,1c:28:af:1f:0d:94,yes
1022,10259,879719818,ec:4c:8c:39:47:f2,1c:28:af:1f:0d:94,no
1023,127,879719990,ec:4c:8c:39:47:f2,1c:28:af:1f:0d:94,yes
1024,136,879721613,ec:4c:8c:39:47:f2,1c:28:af:1f:0d:94,yes
1025,27989,879755904,6c:b1:33:9c:06:2b,1c:28:af:1f:0d:94,no
1026,3497,879759446,98:bd:80:4d:67:be,1c:28:af:1f:0d:94,no
1027,128,879759618,98:bd:80:4d:67:be,1c:28:af:1f:0d:94,yes
1028,26682,879787356,ec:4c:8c:39:47:f2,1c:28:af:1f:0d:94,no
1029,12157,879799557,1c:28:af:1f:0d:94,98:bd:80:4d:67:be,no
1030,52496,879856749,6c:b1:33:9c:06:2b,1c:28:af:1f:0d:94,no
1031,5135,879861929,ec:4c:8c:39:47:f2,1c:28:af:1f:0d:94,no
1032,1407,879863380,ec:4c:8c:39:47:f2,1c:28:af:1f:0d:94,no
1033,128,879863552,ec:4c:8c:39:47:f2,1c:28:af:1f:0d:94,yes
1034,128,879875539,98:bd:80:4d:67:be,1c:28:af:1f:0d:94,yes
1035,32188,879937963,1c:28:af:1f:0d:94,98:bd:80:4d:67:be,no
1036,1123,879999640,6c:b1:33:9c:06:2b,1c:28:af:1f:0d:94,no
1037,13224,880012909,98:bd:80:4d:67:be,1c:28:af:1f:0d:94,no
1038,128,880013081,98:bd:80:4d:67:be,1c:28:af:1f:0d:94,yes
1039,45,880020699,b6:79:a8:79:a3:f6,1c:28:af:1f:0d:94,yes
1040,2539,880023418,1c:28:af:1f:0d:94,b6:79:a8:79:a3:f6,no
1041,5313,880036466,b6:79:a8:79:a3:f6,1c:28:af:1f:0d:94,no
1042,45,880036511,b6:79:a8:79:a3:f6,1c:28:af:1f:0d:94,yes
1043,6487,880047479,6c:b1:33:9c:06:2b,1c:28:af:1f:0d:94,no
1044,27938,880075462,98:bd:80:4d:67:be,1c:28:af:1f:0d:94,no
1045,128,880075634,98:bd:80:4d:67:be,1c:28:af:1f:0d:94,yes
1046,1248,880099955,6c:b1:33:9c:06:2b,1c:28:af:1f:0d:94,no
1047,13320,880113320,98:bd:80:4d:67:be,1c:28:af:1f:0d:94,no
1048,128,880113492,98:bd:80:4d:67:be,1c:28:af:1f:0d:94,yes
1049,1128,880158255,6c:b1:33:9c:06:2b,1c:28:af:1f:0d:94,no
1050,1592,880159892,6c:b1:33:9c:06:2b,1c:28:af:1f:0d:94,no
1051,38130,880198066,98:bd:80:4d:67:be,1c:28:af:1f:0d:94,no
1052,129,880198238,98:bd:80:4d:67:be,1c:28:af:1f:0d:94,yes
1053,128,880276451,98:bd:80:4d:67:be,1c:28:af:1f:0d:94,yes
1054,128,880345734,98:bd:80:4d:67:be,1c:28:af:1f:0d:94,yes
1055,60,880388138,dc:45:46:79:db:af,1c:28:af:1f:0d:94,yes
1056,278,880388623,dc:45:46:79:db:af,1c:28:af:1f:0d:94,no
1057,20421,880409088,6c:b1:33:9c:06:2b,1c:28:af:1f:0d:94,no
1058,44,880409132,6c:b1:33:9c:06:2b,1c:28:af:1f:0d:94,yes
1059,128,880418708,98:bd:80:4d:67:be,1c:28:af:1f:0d:94,yes
1060,397,880428854,1c:28:af:1f:0d:94,dc:45:46:79:db:af,no
1061,921,880429823,dc:45:46:79:db:af,1c:28:af:1f:0d:94,no
1062,128,880429995,dc:45:46:79:db:af,1c:28:af:1f:0d:94,yes
1063,68516,880498728,98:bd:80:4d:67:be,1c:28:af:1f:0d:94,no
1064,129,880498901,98:bd:80:4d:67:be,1c:28:af:1f:0d:94,yes
1065,45,880508715,6c:b1:33:9c:06:2b,1c:28:af:1f:0d:94,yes
1066,854,880512856,6c:b1:33:9c:06:2b,1c:28:af:1f:0d:94,no
1067,17688,880530588,dc:45:46:79:db:af,1c:28:af:1f:0d:94,no
1068,61,880530649,dc:45:46:79:db:af,1c:28:af:1f:0d:94,yes
1069,5651,880561899,6c:b1:33:9c:06:2b,1c:28:af:1f:0d:94,no
1070,52669,880614613,98:bd:80:4d:67:be,1c:28:af:1f:0d:94,no
1071,129,880614786,98:bd:80:4d:67:be,1c:28:af:1f:0d:94,yes
1072,6384,880673533,6c:b1:33:9c:06:2b,1c:28:af:1f:0d:94,no
1073,25831,880699409,98:bd:80:4d:67:be,1c:28:af:1f:0d:94,no
1074,128,880699581,98:bd:80:4d:67:be,1c:28:af:1f:0d:94,yes
1075,60,880713350,dc:45:46:79:db:af,1c:28:af:1f:0d:94,yes
1076,396,880715114,1c:28:af:1f:0d:94,dc:45:46:79:db:af,no
1077,1810,880716972,dc:45:46:79:db:af,1c:28:af:1f:0d:94,no
1078,128,880717144,dc:45:46:79:db:af,1c:28:af:1f:0d:94,yes
1079,1160,880722322,6c:b1:33:9c:06:2b,1c:28:af:1f:0d:94,no
1080,7350,880729717,6c:b1:33:9c:06:2b,1c:28:af:1f:0d:94,no
1081,37233,880766995,6c:b1:33:9c:06:2b,1c:28:af:1f:0d:94,no
1082,10381,880777420,98:bd:80:4d:67:be,1c:28:af:1f:0d:94,no
1083,128,880777592,98:bd:80:4d:67:be,1c:28:af:1f:0d:94,yes
1084,61,880817430,dc:45:46:79:db:af,1c:28:af:1f:0d:94,yes
1085,128,880847030,98:bd:80:4d:67:be,1c:28:af:1f:0d:94,yes
1086,129,880900338,98:bd:80:4d:67:be,1c:28:af:1f:0d:94,yes
1087,61,880902255,dc:45:46:79:db:af,1c:28:af:1f:0d:94,yes
1088,128,880902582,dc:45:46:79:db:af,1c:28:af:1f:0d:94,yes
1089,38860,880942571,1d:28:af:1f:0d:94,dc:45:46:79:db:af,no
1090,396,880943027,1c:28:af:1f:0d:94,dc:45:46:79:db:af,no
1091,4752,880947827,dc:45:46:79:db:af,1c:28:af:1f:0d:94,no
1092,128,880948015,dc:45:46:79:db:af,1c:28:af:1f:0d:94,yes
1093,128,880952714,98:bd:80:4d:67:be,1c:28:af:1f:0d:94,yes
1094,1054,880979489,6c:b1:33:9c:06:2b,1c:28:af:1f:0d:94,no
1095,5586,880985119,98:bd:80:4d:67:be,1c:28:af:1f:0d:94,no
1096,128,880985291,98:bd:80:4d:67:be,1c:28:af:1f:0d:94,yes
1097,29477,881016767,98:bd:80:4d:67:be,1c:28:af:1f:0d:94,no
1098,128,881016939,98:bd:80:4d:67:be,1c:28:af:1f:0d:94,yes
1099,1133,881024766,6c:b1:33:9c:06:2b,1c:28:af:1f:0d:94,no
1100,307,881025118,1c:28:af:1f:0d:94,98:bd:80:4d:67:be,no
1101,128,881068328,ec:4c:8c:39:47:f2,1c:28:af:1f:0d:94,yes
1102,128,881068663,ec:4c:8c:39:47:f2,1c:28:af:1f:0d:94,yes
1103,60,881082855,7e:68:2e:06:78:f5,1c:28:af:1f:0d:91,yes
1104,61,881087624,dc:45:46:79:db:af,1c:28:af:1f:0d:94,yes
1105,1249,881093982,6c:b1:33:9c:06:2b,1c:28:af:1f:0d:94,no
1106,2860,881096887,6c:b1:33:9c:06:2b,1c:28:af:1f:0d:94,no
1107,3868,881100799,6c:b1:33:9c:06:2b,1c:28:af:1f:0d:94,no
1108,21764,881122607,1c:28:af:1f:0d:91,7e:68:2e:06:78:f5,no
1109,129,881132553,98:bd:80:4d:67:be,1c:28:af:1f:0d:94,yes
1110,129,881163726,98:bd:80:4d:67:be,1c:28:af:1f:0d:94,yes
1111,61,881183517,7e:68:2e:06:78:f5,1c:28:af:1f:0d:91,yes
1112,60,881230467,7e:68:2e:06:78:f5,1c:28:af:1f:0d:91,yes
1113,129,881248738,98:bd:80:4d:67:be,1c:28:af:1f:0d:94,yes
1114,60,881256616,7e:68:2e:06:78:f5,1c:28:af:1f:0d:91,yes
1115,128,881279766,98:bd:80:4d:67:be,1c:28:af:1f:0d:94,yes
1116,44,881347422,6c:b1:33:9c:06:2b,1c:28:af:1f:0d:94,yes
1117,128,881350371,ec:4c:8c:39:47:f2,1c:28:af:1f:0d:94,yes
1118,128,881367057,98:bd:80:4d:67:be,1c:28:af:1f:0d:94,yes
1119,128,881484510,98:bd:80:4d:67:be,1c:28:af:1f:0d:94,yes
1120,129,881535156,98:bd:80:4d:67:be,1c:28:af:1f:0d:94,yes
1121,128,881537633,98:bd:80:4d:67:be,1c:28:af:1f:0d:94,yes
1122,128,881550817,98:bd:80:4d:67:be,1c:28:af:1f:0d:94,yes
1123,128,881621349,98:bd:80:4d:67:be,1c:28:af:1f:0d:94,yes
1124,44,881634960,6c:b1:33:9c:06:2b,1c:28:af:1f:0d:94,yes
1125,50349,881689106,6c:b1:33:9c:06:2b,1c:28:af:1f:0d:94,no
1126,3335,881692485,dc:45:46:79:db:af,1c:28:af:1f:0d:94,no
1127,61,881692546,dc:45:46:79:db:af,1c:28:af:1f:0d:94,yes
1128,129,881692913,dc:45:46:79:db:af,1c:28:af:1f:0d:94,yes
1129,396,881695267,1c:28:af:1f:0d:94,dc:45:46:79:db:af,no
1130,10283,881705598,98:bd:80:4d:67:be,1c:28:af:1f:0d:94,no
1131,128,881705770,98:bd:80:4d:67:be,1c:28:af:1f:0d:94,yes
1132,217,881722626,dc:45:46:79:db:af,1c:28:af:1f:0d:94,no
1133,199,881722885,dc:45:46:79:db:af,1c:28:af:1f:0d:94,no
1134,642,881723588,dc:45:46:79:db:af,1c:28:af:1f:0d:94,no
1135,128,881723777,dc:45:46:79:db:af,1c:28:af:1f:0d:94,yes
1136,351,881738026,dc:45:46:79:db:af,1c:28:af:1f:0d:94,no
1137,11871,881749957,1c:28:af:1f:0d:94,dc:45:46:79:db:af,no
1138,3167,881753172,dc:45:46:79:db:af,1c:28:af:1f:0d:94,no
1139,459,881753692,dc:45:46:79:db:af,1c:28:af:1f:0d:94,no
1140,128,881753881,dc:45:46:79:db:af,1c:28:af:1f:0d:94,yes
1141,128,881767974,98:bd:80:4d:67:be,1c:28:af:1f:0d:94,yes
1142,128,881783937,98:bd:80:4d:67:be,1c:28:af:1f:0d:94,yes
1143,26993,881820155,1c:28:af:1f:0d:94,dc:45:46:79:db:af,no
1144,547,881820750,6c:b1:33:9c:06:2b,1c:28:af:1f:0d:94,no
1145,31361,881852155,98:bd:80:4d:67:be,1c:28:af:1f:0d:94,no
1146,128,881852327,98:bd:80:4d:67:be,1c:28:af:1f:0d:94,yes
1147,61,881920538,dc:45:46:79:db:af,1c:28:af:1f:0d:94,yes
1148,128,881921343,98:bd:80:4d:67:be,1c:28:af:1f:0d:94,yes
1149,44,882048845,a6:70:72:f8:56:5e,1c:28:af:1f:0d:94,yes
1150,44,882065660,a6:70:72:f8:56:5e,1c:28:af:1f:0d:94,yes
1151,44,882068457,6c:b1:33:9c:06:2b,1c:28:af:1f:0d:94,yes
1152,60,882112218,7e:68:2e:06:78:f5,1c:28:af:1f:0d:91,yes
1153,61,882205725,7e:68:2e:06:78:f5,1c:28:af:1f:0d:91,yes
1154,61,882252928,7e:68:2e:06:78:f5,1c:28:af:1f:0d:91,yes
1155,60,882278865,7e:68:2e:06:78:f5,1c:28:af:1f:0d:91,yes
1156,61,882410253,dc:45:46:79:db:af,1c:28:af:1f:0d:94,yes
1157,128,882410621,dc:45:46:79:db:af,1c:28:af:1f:0d:94,yes
1158,397,882450537,1c:28:af:1f:0d:94,dc:45:46:79:db:af,no
1159,100274,882550859,dc:45:46:79:db:af,1c:28:af:1f:0d:94,no
1160,61,882550920,dc:45:46:79:db:af,1c:28:af:1f:0d:94,yes
1161,45,882839406,6c:b1:33:9c:06:2b,1c:28:af:1f:0d:94,yes
1162,53915,882893467,dc:45:46:79:db:af,1c:28:af:1f:0d:94,no
1163,61,882893528,dc:45:46:79:db:af,1c:28:af:1f:0d:94,yes
1164,129,882893884,dc:45:46:79:db:af,1c:28:af:1f:0d:94,yes
1165,25825,882933886,1d:28:af:1f:0d:94,dc:45:46:79:db:af,no
1166,396,882934342,1c:28:af:1f:0d:94,dc:45:46:79:db:af,no
1167,32347,882966737,6c:b1:33:9c:06:2b,1c:28:af:1f:0d:94,no
1168,67881,883034663,dc:45:46:79:db:af,1c:28:af:1f:0d:94,no
1169,60,883034723,dc:45:46:79:db:af,1c:28:af:1f:0d:94,yes
1170,44,883213615,6c:b1:33:9c:06:2b,1c:28:af:1f:0d:94,yes
